dataset,mechanism,method,missing_rate_target_per_var,n_imputations,maxit_used,n_obs,n_reps,runtime_sec_mean,achieved_missing_overall_mean,achieved_missing_y,achieved_missing_x1,achieved_missing_x2,achieved_missing_x3,param,true,mean_estimate,mean_std_error,mean_ci_width,mean_bias,pct_bias,rmse,coverage_rate,mean_fmi
categorical_interaction,MAR_cross,cart,0.2,10,10,1000,500,3.843247136592865,0.200413,0.200448,0.200038,0.200692,0.2004739999999999,C(cat)[T.B],0.0,0.0722975839310048,0.099796299422073,0.3912014937345261,0.0722975839310048,,0.0881171227183261,0.998,0.2987834422682907
categorical_interaction,MAR_cross,cart,0.2,20,10,1000,500,7.61194466304779,0.200413,0.200448,0.200038,0.200692,0.2004739999999999,C(cat)[T.B],0.0,0.0725704137204989,0.0993832675484086,0.3895824087897621,0.0725704137204989,,0.0868362009213095,0.996,0.2984298994033218
categorical_interaction,MAR_cross,cart,0.2,10,10,1000,500,3.843247136592865,0.200413,0.200448,0.200038,0.200692,0.2004739999999999,C(cat)[T.C],0.0,0.0227620533623915,0.1042427205044026,0.4086314643772585,0.0227620533623915,,0.0520740895904881,1.0,0.2564591458090441
categorical_interaction,MAR_cross,cart,0.2,20,10,1000,500,7.61194466304779,0.200413,0.200448,0.200038,0.200692,0.2004739999999999,C(cat)[T.C],0.0,0.0226210330155056,0.1034157059966923,0.4053895675070341,0.0226210330155056,,0.0509200982466292,1.0,0.2497279809019434
categorical_interaction,MAR_cross,cart,0.2,10,10,1000,500,3.843247136592865,0.200413,0.200448,0.200038,0.200692,0.2004739999999999,x1,0.3,0.2920935792760568,0.0806344218480435,0.3160869336443306,-0.0079064207239431,-2.6354735746477087,0.0457955956560392,1.0,0.40547021925622
categorical_interaction,MAR_cross,cart,0.2,20,10,1000,500,7.61194466304779,0.200413,0.200448,0.200038,0.200692,0.2004739999999999,x1,0.3,0.292130261270166,0.0797142685632959,0.3124799327681201,-0.0078697387298339,-2.6232462432779977,0.044808440966511,1.0,0.3988760304469242
categorical_interaction,MAR_cross,cart,0.2,10,10,1000,500,3.843247136592865,0.200413,0.200448,0.200038,0.200692,0.2004739999999999,x1:C(cat)[T.B],0.8,0.7907671307879331,0.1184811304230237,0.4644460312582528,-0.0092328692120669,-1.1541086515083656,0.0629368976061814,1.0,0.4901122483061358
categorical_interaction,MAR_cross,cart,0.2,20,10,1000,500,7.61194466304779,0.200413,0.200448,0.200038,0.200692,0.2004739999999999,x1:C(cat)[T.B],0.8,0.7917154033267939,0.1170956897015106,0.4590151036299217,-0.0082845966732061,-1.035574584150773,0.0622500335123008,1.0,0.490247350061403
categorical_interaction,MAR_cross,cart,0.2,10,10,1000,500,3.843247136592865,0.200413,0.200448,0.200038,0.200692,0.2004739999999999,x1:C(cat)[T.C],-0.8,-0.7666355928739096,0.1387359699201849,0.543845002087125,0.0333644071260904,-4.170550890761309,0.0889013883384734,0.988,0.5212270331057441
categorical_interaction,MAR_cross,cart,0.2,20,10,1000,500,7.61194466304779,0.200413,0.200448,0.200038,0.200692,0.2004739999999999,x1:C(cat)[T.C],-0.8,-0.7665201274797323,0.1377790505068543,0.5400938779868689,0.0334798725202676,-4.184984065033461,0.0856449095796216,0.992,0.5264921623317373
categorical_interaction,MAR_cross,cart,0.2,10,10,1000,500,3.843247136592865,0.200413,0.200448,0.200038,0.200692,0.2004739999999999,x2,0.3,0.2752065021215475,0.0458542578711383,0.1797486908548624,-0.0247934978784525,-8.264499292817506,0.0377933007350129,0.982,0.4238664902154111
categorical_interaction,MAR_cross,cart,0.2,20,10,1000,500,7.61194466304779,0.200413,0.200448,0.200038,0.200692,0.2004739999999999,x2,0.3,0.2753384785059102,0.045422057513158,0.1780544654515793,-0.0246615214940898,-8.220507164696611,0.037032994031557,0.99,0.4245880518787411
categorical_interaction,MAR_cross,cart,0.2,10,10,1000,500,3.843247136592865,0.200413,0.200448,0.200038,0.200692,0.2004739999999999,x3,0.2,0.1335360456118562,0.0461300284004295,0.1808297113296837,-0.0664639543881437,-33.23197719407187,0.0720550176602552,0.774,0.4309566211933969
categorical_interaction,MAR_cross,cart,0.2,20,10,1000,500,7.61194466304779,0.200413,0.200448,0.200038,0.200692,0.2004739999999999,x3,0.2,0.1330842082415822,0.0457134960344562,0.1791969044550685,-0.0669157917584177,-33.45789587920886,0.0722242293234871,0.784,0.4318340136320116
categorical_interaction,MAR_cross,cart,0.2,10,10,1000,500,3.843247136592865,0.200413,0.200448,0.200038,0.200692,0.2004739999999999,z,0.25,0.1394108110192173,0.081480217742928,0.319402453552278,-0.1105891889807827,-44.2356755923131,0.1163681119686202,0.888,0.2663426591032087
categorical_interaction,MAR_cross,cart,0.2,20,10,1000,500,7.61194466304779,0.200413,0.200448,0.200038,0.200692,0.2004739999999999,z,0.25,0.13950427421607,0.0810289200668042,0.3176333666618726,-0.1104957257839299,-44.19829031357197,0.1159097069137494,0.9,0.2642536165123323
categorical_interaction,MAR_cross,cart,0.4,20,10,1000,500,9.006155957698821,0.400231,0.3992799999999999,0.400274,0.40072,0.4006499999999999,C(cat)[T.B],0.0,0.127558837011678,0.1251010111422702,0.4903959636776992,0.127558837011678,,0.1471223624940965,0.944,0.4701524845125837
categorical_interaction,MAR_cross,cart,0.4,10,10,1000,500,4.498145485401154,0.400231,0.3992799999999999,0.400274,0.40072,0.4006499999999999,C(cat)[T.B],0.0,0.1269924003939795,0.125813350394382,0.4931883335459774,0.1269924003939795,,0.1481053508009795,0.928,0.4651659230465115
categorical_interaction,MAR_cross,cart,0.4,20,10,1000,500,9.006155957698821,0.400231,0.3992799999999999,0.400274,0.40072,0.4006499999999999,C(cat)[T.C],0.0,0.0293417100779662,0.1280184003686749,0.5018321294452056,0.0293417100779662,,0.0771290389776107,0.996,0.419366410356211
categorical_interaction,MAR_cross,cart,0.4,10,10,1000,500,4.498145485401154,0.400231,0.3992799999999999,0.400274,0.40072,0.4006499999999999,C(cat)[T.C],0.0,0.0295094688673963,0.1289476748443419,0.5054748853898204,0.0295094688673963,,0.0813400280213146,0.992,0.4180775681024438
categorical_interaction,MAR_cross,cart,0.4,20,10,1000,500,9.006155957698821,0.400231,0.3992799999999999,0.400274,0.40072,0.4006499999999999,x1,0.3,0.2808011709417801,0.1065971812646208,0.4178609505573137,-0.0191988290582198,-6.399609686073274,0.0684045474472779,1.0,0.5909118560816494
categorical_interaction,MAR_cross,cart,0.4,10,10,1000,500,4.498145485401154,0.400231,0.3992799999999999,0.400274,0.40072,0.4006499999999999,x1,0.3,0.2817952530523882,0.1078603284944942,0.4228124876984172,-0.0182047469476117,-6.068248982537254,0.0701974704404902,0.998,0.5887188427796627
categorical_interaction,MAR_cross,cart,0.4,20,10,1000,500,9.006155957698821,0.400231,0.3992799999999999,0.400274,0.40072,0.4006499999999999,x1:C(cat)[T.B],0.8,0.5624959181621887,0.1659745034392747,0.650620053481957,-0.2375040818378114,-29.688010229726423,0.2597077495578588,0.77,0.6875717697185364
categorical_interaction,MAR_cross,cart,0.4,10,10,1000,500,4.498145485401154,0.400231,0.3992799999999999,0.400274,0.40072,0.4006499999999999,x1:C(cat)[T.B],0.8,0.5609040439686465,0.167336124046774,0.6559576062633542,-0.2390959560313536,-29.8869945039192,0.263610381430334,0.746,0.6802763904935761
categorical_interaction,MAR_cross,cart,0.4,20,10,1000,500,9.006155957698821,0.400231,0.3992799999999999,0.400274,0.40072,0.4006499999999999,x1:C(cat)[T.C],-0.8,-0.5323240534209623,0.1852155216054398,0.726044844693324,0.2676759465790377,-33.459493322379714,0.2889120781955807,0.736,0.6786630496878513
categorical_interaction,MAR_cross,cart,0.4,10,10,1000,500,4.498145485401154,0.400231,0.3992799999999999,0.400274,0.40072,0.4006499999999999,x1:C(cat)[T.C],-0.8,-0.5330143706802116,0.1873167555065241,0.7342816815855747,0.2669856293197882,-33.37320366497353,0.2895641144651513,0.742,0.6733128786370539
categorical_interaction,MAR_cross,cart,0.4,20,10,1000,500,9.006155957698821,0.400231,0.3992799999999999,0.400274,0.40072,0.4006499999999999,x2,0.3,0.2603029333927022,0.0637558179031581,0.24992280618038,-0.0396970666072977,-13.232355535765915,0.0653431169237043,0.94,0.6488045114547681
categorical_interaction,MAR_cross,cart,0.4,10,10,1000,500,4.498145485401154,0.400231,0.3992799999999999,0.400274,0.40072,0.4006499999999999,x2,0.3,0.2596657595481172,0.064711537950945,0.2536692287677046,-0.0403342404518828,-13.444746817294275,0.0666737333219228,0.928,0.6439207285115499
categorical_interaction,MAR_cross,cart,0.4,20,10,1000,500,9.006155957698821,0.400231,0.3992799999999999,0.400274,0.40072,0.4006499999999999,x3,0.2,0.1358423167616189,0.0640417399833986,0.2510436207349226,-0.064157683238381,-32.07884161919051,0.0816959569120566,0.866,0.6508462511343482
categorical_interaction,MAR_cross,cart,0.4,10,10,1000,500,4.498145485401154,0.400231,0.3992799999999999,0.400274,0.40072,0.4006499999999999,x3,0.2,0.1355192448645801,0.0644120767709694,0.2524953409422,-0.0644807551354198,-32.240377567709935,0.0825648809438657,0.828,0.6396528998359257
categorical_interaction,MAR_cross,cart,0.4,20,10,1000,500,9.006155957698821,0.400231,0.3992799999999999,0.400274,0.40072,0.4006499999999999,z,0.25,0.1439984010053306,0.0983109854901865,0.3853790631215315,-0.1060015989946693,-42.40063959786775,0.1161031490112514,0.954,0.4111898746987709
categorical_interaction,MAR_cross,cart,0.4,10,10,1000,500,4.498145485401154,0.400231,0.3992799999999999,0.400274,0.40072,0.4006499999999999,z,0.25,0.1420827020128316,0.0987582407231209,0.3871323036346341,-0.1079172979871683,-43.16691919486734,0.118376098149097,0.934,0.4078732092886533
categorical_interaction,MAR_cross,rf,0.2,10,10,1000,500,42.014285017967225,0.200413,0.200448,0.200038,0.200692,0.2004739999999999,C(cat)[T.B],0.0,0.0709888637470148,0.0962299402049428,0.3772213656033759,0.0709888637470148,,0.0883137235478235,0.992,0.2491407004566026
categorical_interaction,MAR_cross,rf,0.2,20,10,1000,500,83.6537614955902,0.200413,0.200448,0.200038,0.200692,0.2004739999999999,C(cat)[T.B],0.0,0.0710304585008047,0.0960552225572011,0.3765364724242285,0.0710304585008047,,0.0873743316510101,0.988,0.2505690072413232
categorical_interaction,MAR_cross,rf,0.2,10,10,1000,500,42.014285017967225,0.200413,0.200448,0.200038,0.200692,0.2004739999999999,C(cat)[T.C],0.0,0.019510444508445,0.1015480973661392,0.398068541675266,0.019510444508445,,0.0522313371844181,1.0,0.2193675663014941
categorical_interaction,MAR_cross,rf,0.2,20,10,1000,500,83.6537614955902,0.200413,0.200448,0.200038,0.200692,0.2004739999999999,C(cat)[T.C],0.0,0.0198551485836872,0.1011831027214983,0.3966377626682734,0.0198551485836872,,0.0518744898170646,1.0,0.2171724377123842
categorical_interaction,MAR_cross,rf,0.2,10,10,1000,500,42.014285017967225,0.200413,0.200448,0.200038,0.200692,0.2004739999999999,x1,0.3,0.2919581558967598,0.0761230431536349,0.2984023291622489,-0.0080418441032402,-2.680614701080076,0.0472228317328236,0.996,0.3439803774409593
categorical_interaction,MAR_cross,rf,0.2,20,10,1000,500,83.6537614955902,0.200413,0.200448,0.200038,0.200692,0.2004739999999999,x1,0.3,0.2921284433986121,0.0756498585402812,0.2965474454779025,-0.0078715566013878,-2.623852200462621,0.0453559359635971,0.998,0.3412247968989884
categorical_interaction,MAR_cross,rf,0.2,10,10,1000,500,42.014285017967225,0.200413,0.200448,0.200038,0.200692,0.2004739999999999,x1:C(cat)[T.B],0.8,0.7950959473790303,0.1115322497654403,0.4372064190805262,-0.0049040526209698,-0.6130065776212272,0.0663746526827469,1.0,0.4281399209214546
categorical_interaction,MAR_cross,rf,0.2,20,10,1000,500,83.6537614955902,0.200413,0.200448,0.200038,0.200692,0.2004739999999999,x1:C(cat)[T.B],0.8,0.7953878673105697,0.1108897466567798,0.434687806894577,-0.0046121326894303,-0.5765165861787993,0.0638266619035032,1.0,0.431823506858177
categorical_interaction,MAR_cross,rf,0.2,10,10,1000,500,42.014285017967225,0.200413,0.200448,0.200038,0.200692,0.2004739999999999,x1:C(cat)[T.C],-0.8,-0.7746805009870515,0.1243729183713444,0.4875418400156703,0.0253194990129485,-3.1649373766185622,0.08794965379674,0.994,0.4231171104089294
categorical_interaction,MAR_cross,rf,0.2,20,10,1000,500,83.6537614955902,0.200413,0.200448,0.200038,0.200692,0.2004739999999999,x1:C(cat)[T.C],-0.8,-0.7749051340853947,0.1230859061699743,0.4824967521862993,0.0250948659146053,-3.1368582393256674,0.0855584500473469,0.992,0.4175703531819715
categorical_interaction,MAR_cross,rf,0.2,10,10,1000,500,42.014285017967225,0.200413,0.200448,0.200038,0.200692,0.2004739999999999,x2,0.3,0.2787304630375998,0.0449592713023538,0.176240343505227,-0.0212695369624002,-7.089845654133403,0.0359293712995387,0.99,0.4072438614431871
categorical_interaction,MAR_cross,rf,0.2,20,10,1000,500,83.6537614955902,0.200413,0.200448,0.200038,0.200692,0.2004739999999999,x2,0.3,0.2786656642644386,0.044497168090383,0.1744288989143016,-0.0213343357355613,-7.111445245187127,0.035516474247585,0.992,0.4035291579368614
categorical_interaction,MAR_cross,rf,0.2,10,10,1000,500,42.014285017967225,0.200413,0.200448,0.200038,0.200692,0.2004739999999999,x3,0.2,0.1392608169596344,0.0460205510748426,0.1804005602133832,-0.0607391830403655,-30.36959152018277,0.0675567890621305,0.832,0.4347718179430543
categorical_interaction,MAR_cross,rf,0.2,20,10,1000,500,83.6537614955902,0.200413,0.200448,0.200038,0.200692,0.2004739999999999,x3,0.2,0.1390966330373224,0.0455173689277075,0.1784280861966136,-0.0609033669626776,-30.4516834813388,0.0672931853607109,0.824,0.4317846579405815
categorical_interaction,MAR_cross,rf,0.2,10,10,1000,500,42.014285017967225,0.200413,0.200448,0.200038,0.200692,0.2004739999999999,z,0.25,0.1414417618384839,0.0801067847506575,0.3140185962225778,-0.108558238161516,-43.42329526460641,0.1154566472240809,0.876,0.2416623956025669
categorical_interaction,MAR_cross,rf,0.2,20,10,1000,500,83.6537614955902,0.200413,0.200448,0.200038,0.200692,0.2004739999999999,z,0.25,0.1412533865459106,0.0798278847499263,0.3129253082197111,-0.1087466134540893,-43.49864538163576,0.1150655886202808,0.896,0.2409515319571174
categorical_interaction,MAR_cross,rf,0.4,10,10,1000,500,54.14907208442688,0.400231,0.3992799999999999,0.400274,0.40072,0.4006499999999999,C(cat)[T.B],0.0,0.13320818182747,0.1168369037615481,0.4580006627452685,0.13320818182747,,0.1538493290299764,0.898,0.3805881998782009
categorical_interaction,MAR_cross,rf,0.4,20,10,1000,500,104.6979301776886,0.400231,0.3992799999999999,0.400274,0.40072,0.4006499999999999,C(cat)[T.B],0.0,0.1332191274982473,0.1159153018583666,0.454387983284797,0.1332191274982473,,0.152778606849737,0.904,0.3783683028138345
categorical_interaction,MAR_cross,rf,0.4,10,10,1000,500,54.14907208442688,0.400231,0.3992799999999999,0.400274,0.40072,0.4006499999999999,C(cat)[T.C],0.0,0.0293440384662697,0.1209521950581134,0.4741326046278046,0.0293440384662697,,0.0762218997274106,0.994,0.336295072981765
categorical_interaction,MAR_cross,rf,0.4,20,10,1000,500,104.6979301776886,0.400231,0.3992799999999999,0.400274,0.40072,0.4006499999999999,C(cat)[T.C],0.0,0.0283676781546584,0.1200499478310076,0.4705957954975501,0.0283676781546584,,0.0755478505779036,0.994,0.3337630653801192
categorical_interaction,MAR_cross,rf,0.4,10,10,1000,500,54.14907208442688,0.400231,0.3992799999999999,0.400274,0.40072,0.4006499999999999,x1,0.3,0.27617153936486,0.0994304337902253,0.3897673004576831,-0.0238284606351399,-7.942820211713306,0.0750135072530258,0.98,0.5178890502090668
categorical_interaction,MAR_cross,rf,0.4,20,10,1000,500,104.6979301776886,0.400231,0.3992799999999999,0.400274,0.40072,0.4006499999999999,x1,0.3,0.2777265638124496,0.0988474487971865,0.3874819992849714,-0.0222734361875503,-7.424478729183447,0.0718929550161992,0.994,0.5264388348209099
categorical_interaction,MAR_cross,rf,0.4,10,10,1000,500,54.14907208442688,0.400231,0.3992799999999999,0.400274,0.40072,0.4006499999999999,x1:C(cat)[T.B],0.8,0.556332401448693,0.1545315713858559,0.6057637598325553,-0.243667598551307,-30.45844981891338,0.269275689231763,0.674,0.6291285593402391
categorical_interaction,MAR_cross,rf,0.4,20,10,1000,500,104.6979301776886,0.400231,0.3992799999999999,0.400274,0.40072,0.4006499999999999,x1:C(cat)[T.B],0.8,0.555472555196929,0.153958933838653,0.6035190206475199,-0.244527444803071,-30.56593060038388,0.2694793366703775,0.71,0.6372609567496895
categorical_interaction,MAR_cross,rf,0.4,10,10,1000,500,54.14907208442688,0.400231,0.3992799999999999,0.400274,0.40072,0.4006499999999999,x1:C(cat)[T.C],-0.8,-0.5493516392581682,0.1604533218537333,0.6289770216666345,0.2506483607418317,-31.331045092728964,0.2755390792607309,0.68,0.5676392606250283
categorical_interaction,MAR_cross,rf,0.4,20,10,1000,500,104.6979301776886,0.400231,0.3992799999999999,0.400274,0.40072,0.4006499999999999,x1:C(cat)[T.C],-0.8,-0.5517632128271239,0.1597564820184287,0.6262454095122408,0.2482367871728762,-31.029598396609533,0.2713638782792519,0.7,0.5771156150038784
categorical_interaction,MAR_cross,rf,0.4,10,10,1000,500,54.14907208442688,0.400231,0.3992799999999999,0.400274,0.40072,0.4006499999999999,x2,0.3,0.2629614800470799,0.0616199903099377,0.241550362014956,-0.0370385199529201,-12.346173317640034,0.0648442770616281,0.928,0.6071555296682772
categorical_interaction,MAR_cross,rf,0.4,20,10,1000,500,104.6979301776886,0.400231,0.3992799999999999,0.400274,0.40072,0.4006499999999999,x2,0.3,0.2633900448636531,0.0617186626845029,0.2419371577232516,-0.0366099551363468,-12.20331837878228,0.063870823988914,0.932,0.6238655050271548
categorical_interaction,MAR_cross,rf,0.4,10,10,1000,500,54.14907208442688,0.400231,0.3992799999999999,0.400274,0.40072,0.4006499999999999,x3,0.2,0.1432009033565895,0.0636268325832059,0.2494171837261674,-0.0567990966434105,-28.39954832170525,0.0794943996207388,0.882,0.6309372301582962
categorical_interaction,MAR_cross,rf,0.4,20,10,1000,500,104.6979301776886,0.400231,0.3992799999999999,0.400274,0.40072,0.4006499999999999,x3,0.2,0.1427953071461184,0.0631642311227129,0.2476037860010348,-0.0572046928538815,-28.602346426940787,0.0784962338841789,0.876,0.6386641328450463
categorical_interaction,MAR_cross,rf,0.4,10,10,1000,500,54.14907208442688,0.400231,0.3992799999999999,0.400274,0.40072,0.4006499999999999,z,0.25,0.1489722462856271,0.0962628174487163,0.3773502443989682,-0.1010277537143728,-40.411101485749136,0.1140706683610893,0.934,0.3695801291954266
categorical_interaction,MAR_cross,rf,0.4,20,10,1000,500,104.6979301776886,0.400231,0.3992799999999999,0.400274,0.40072,0.4006499999999999,z,0.25,0.1482944659301391,0.0954095155078657,0.3740053007908337,-0.1017055340698609,-40.68221362794437,0.1134449659641712,0.946,0.3668654304935756
categorical_interaction,MAR_monotone,cart,0.2,10,10,1000,500,4.382049734592438,0.409778,0.59086,0.20015,0.3598899999999999,0.488212,C(cat)[T.B],0.0,-0.0401150679995545,0.1487085723151362,0.5829376034753341,-0.0401150679995545,,0.108806810199131,0.98,0.6545093734765213
categorical_interaction,MAR_monotone,cart,0.2,20,10,1000,500,9.159166860580443,0.409778,0.59086,0.20015,0.3598899999999999,0.488212,C(cat)[T.B],0.0,-0.0392372485034707,0.1464686675580014,0.5741571768273653,-0.0392372485034707,,0.1043354663274697,0.988,0.6561736147095908
categorical_interaction,MAR_monotone,cart,0.2,10,10,1000,500,4.382049734592438,0.409778,0.59086,0.20015,0.3598899999999999,0.488212,C(cat)[T.C],0.0,0.009776372727304,0.1534244407913988,0.6014238079022837,0.009776372727304,,0.1083734235456691,0.994,0.6234340537443017
categorical_interaction,MAR_monotone,cart,0.2,20,10,1000,500,9.159166860580443,0.409778,0.59086,0.20015,0.3598899999999999,0.488212,C(cat)[T.C],0.0,0.0101611583727633,0.1517153955668202,0.5947243506219353,0.0101611583727633,,0.1055543662178652,0.994,0.6278568242250482
categorical_interaction,MAR_monotone,cart,0.2,10,10,1000,500,4.382049734592438,0.409778,0.59086,0.20015,0.3598899999999999,0.488212,x1,0.3,0.2996012621051195,0.1124051152685827,0.4406280518528441,-0.0003987378948804,-0.1329126316268262,0.0681505963385043,0.998,0.6600036443116283
categorical_interaction,MAR_monotone,cart,0.2,20,10,1000,500,9.159166860580443,0.409778,0.59086,0.20015,0.3598899999999999,0.488212,x1,0.3,0.2990139243610797,0.1110013907178273,0.4351254516138832,-0.0009860756389203,-0.3286918796401092,0.066670840423646,0.996,0.6652148474820977
categorical_interaction,MAR_monotone,cart,0.2,10,10,1000,500,4.382049734592438,0.409778,0.59086,0.20015,0.3598899999999999,0.488212,x1:C(cat)[T.B],0.8,0.6358410741047624,0.1888273242406459,0.7402031110233321,-0.1641589258952376,-20.5198657369047,0.207045606404934,0.914,0.7828310827204159
categorical_interaction,MAR_monotone,cart,0.2,20,10,1000,500,9.159166860580443,0.409778,0.59086,0.20015,0.3598899999999999,0.488212,x1:C(cat)[T.B],0.8,0.6362696485435803,0.1868114764936768,0.7323009878552134,-0.1637303514564198,-20.466293932052476,0.2031179128929781,0.934,0.7893289366706683
categorical_interaction,MAR_monotone,cart,0.2,10,10,1000,500,4.382049734592438,0.409778,0.59086,0.20015,0.3598899999999999,0.488212,x1:C(cat)[T.C],-0.8,-0.698333417250146,0.1973237521181206,0.7735091083030325,0.101666582749854,-12.708322843731755,0.1625437877813096,0.944,0.7383109478153188
categorical_interaction,MAR_monotone,cart,0.2,20,10,1000,500,9.159166860580443,0.409778,0.59086,0.20015,0.3598899999999999,0.488212,x1:C(cat)[T.C],-0.8,-0.6962914455101468,0.194096450308973,0.7608580852111744,0.1037085544898533,-12.963569311231668,0.1573783391200216,0.96,0.7440493968924524
categorical_interaction,MAR_monotone,cart,0.2,10,10,1000,500,4.382049734592438,0.409778,0.59086,0.20015,0.3598899999999999,0.488212,x2,0.3,0.2412804004231166,0.0567053955205076,0.2222851504403898,-0.0587195995768833,-19.573199858961107,0.0746454965859,0.846,0.5993063321677502
categorical_interaction,MAR_monotone,cart,0.2,20,10,1000,500,9.159166860580443,0.409778,0.59086,0.20015,0.3598899999999999,0.488212,x2,0.3,0.2410787339176031,0.0560628675830108,0.2197664409254026,-0.0589212660823968,-19.64042202746563,0.0737342119234503,0.852,0.6020018724967603
categorical_interaction,MAR_monotone,cart,0.2,10,10,1000,500,4.382049734592438,0.409778,0.59086,0.20015,0.3598899999999999,0.488212,x3,0.2,0.132888168981397,0.054048620341955,0.2118705917404638,-0.067111831018603,-33.5559155093015,0.0771686971852072,0.808,0.5640135435059768
categorical_interaction,MAR_monotone,cart,0.2,20,10,1000,500,9.159166860580443,0.409778,0.59086,0.20015,0.3598899999999999,0.488212,x3,0.2,0.1323190637617114,0.0536320868048981,0.2102377802752006,-0.0676809362382886,-33.840468119144305,0.0771847395815591,0.822,0.5697157104670175
categorical_interaction,MAR_monotone,cart,0.2,10,10,1000,500,4.382049734592438,0.409778,0.59086,0.20015,0.3598899999999999,0.488212,z,0.25,0.0664137405209962,0.1017357370365805,0.3988040891833957,-0.1835862594790037,-73.4345037916015,0.1918513658293612,0.55,0.4965373047328731
categorical_interaction,MAR_monotone,cart,0.2,20,10,1000,500,9.159166860580443,0.409778,0.59086,0.20015,0.3598899999999999,0.488212,z,0.25,0.0668533073392989,0.1013727768991471,0.3973812854446568,-0.1831466926607011,-73.25867706428045,0.1910511884299107,0.558,0.5032234665711096
categorical_interaction,MAR_monotone,cart,0.4,10,10,1000,500,5.490957047462463,0.67331,0.870212,0.39979,0.639698,0.7835400000000001,C(cat)[T.B],0.0,-0.0980281209644086,0.2085812654915408,0.8176385607268403,-0.0980281209644086,,0.1734619244957304,0.976,0.7873166645089029
categorical_interaction,MAR_monotone,cart,0.4,20,10,1000,500,11.348419373035432,0.67331,0.870212,0.39979,0.639698,0.7835400000000001,C(cat)[T.B],0.0,-0.1027019783722504,0.2086820450190205,0.8180336164745604,-0.1027019783722504,,0.1698008378899776,0.978,0.7985574278290025
categorical_interaction,MAR_monotone,cart,0.4,10,10,1000,500,5.490957047462463,0.67331,0.870212,0.39979,0.639698,0.7835400000000001,C(cat)[T.C],0.0,0.011743868971135,0.2342900792261031,0.9184171105663244,0.011743868971135,,0.154102095539579,0.992,0.7973225333803325
categorical_interaction,MAR_monotone,cart,0.4,20,10,1000,500,11.348419373035432,0.67331,0.870212,0.39979,0.639698,0.7835400000000001,C(cat)[T.C],0.0,0.0137478580187899,0.231411281865323,0.9071322249120662,0.0137478580187899,,0.1514415249035341,0.996,0.803665578176543
categorical_interaction,MAR_monotone,cart,0.4,10,10,1000,500,5.490957047462463,0.67331,0.870212,0.39979,0.639698,0.7835400000000001,x1,0.3,0.2761095494183003,0.1569019765880607,0.6150557482251982,-0.0238904505816996,-7.9634835272332225,0.1186756153817041,0.974,0.7940802461305945
categorical_interaction,MAR_monotone,cart,0.4,20,10,1000,500,11.348419373035432,0.67331,0.870212,0.39979,0.639698,0.7835400000000001,x1,0.3,0.276846174758403,0.1565714605534152,0.6137601253693878,-0.0231538252415969,-7.717941747198985,0.1164592230453513,0.988,0.8068539366936937
categorical_interaction,MAR_monotone,cart,0.4,10,10,1000,500,5.490957047462463,0.67331,0.870212,0.39979,0.639698,0.7835400000000001,x1:C(cat)[T.B],0.8,0.2932449683825941,0.2416078697324092,0.9471028493510442,-0.5067550316174059,-63.34437895217573,0.5277902309034873,0.42,0.8286743905460041
categorical_interaction,MAR_monotone,cart,0.4,20,10,1000,500,11.348419373035432,0.67331,0.870212,0.39979,0.639698,0.7835400000000001,x1:C(cat)[T.B],0.8,0.2984153585393725,0.2423016026325001,0.9498222823194006,-0.5015846414606275,-62.69808018257845,0.5209781262347769,0.436,0.8435462765290986
categorical_interaction,MAR_monotone,cart,0.4,10,10,1000,500,5.490957047462463,0.67331,0.870212,0.39979,0.639698,0.7835400000000001,x1:C(cat)[T.C],-0.8,-0.3360083099505242,0.279156971996884,1.0942953302277856,0.4639916900494757,-57.99896125618447,0.4914094031499048,0.55,0.8319476964827613
categorical_interaction,MAR_monotone,cart,0.4,20,10,1000,500,11.348419373035432,0.67331,0.870212,0.39979,0.639698,0.7835400000000001,x1:C(cat)[T.C],-0.8,-0.3392315708477209,0.28020444008328,1.098401405126458,0.4607684291522791,-57.596053644034896,0.4851107236688151,0.582,0.8451241538974946
categorical_interaction,MAR_monotone,cart,0.4,10,10,1000,500,5.490957047462463,0.67331,0.870212,0.39979,0.639698,0.7835400000000001,x2,0.3,0.1869854105793466,0.0915101194258828,0.3587196681494609,-0.1130145894206533,-37.67152980688445,0.1451939617334479,0.696,0.8097553372084938
categorical_interaction,MAR_monotone,cart,0.4,20,10,1000,500,11.348419373035432,0.67331,0.870212,0.39979,0.639698,0.7835400000000001,x2,0.3,0.1853162114196089,0.0906120252320211,0.3551991389095227,-0.114683788580391,-38.22792952679703,0.144958239169435,0.72,0.8210283750394753
categorical_interaction,MAR_monotone,cart,0.4,10,10,1000,500,5.490957047462463,0.67331,0.870212,0.39979,0.639698,0.7835400000000001,x3,0.2,0.1184587313463694,0.0882891833359914,0.3460935986770863,-0.0815412686536305,-40.77063432681528,0.1153030069084944,0.8,0.7991299775659959
categorical_interaction,MAR_monotone,cart,0.4,20,10,1000,500,11.348419373035432,0.67331,0.870212,0.39979,0.639698,0.7835400000000001,x3,0.2,0.1203082956824185,0.0870081583319745,0.3410719806613401,-0.0796917043175814,-39.84585215879073,0.1129626421809304,0.8,0.8056608516936695
categorical_interaction,MAR_monotone,cart,0.4,10,10,1000,500,5.490957047462463,0.67331,0.870212,0.39979,0.639698,0.7835400000000001,z,0.25,0.0252838103438269,0.14257565973306,0.5588965861535953,-0.224716189656173,-89.88647586246923,0.2384513354883287,0.578,0.6693337849524764
categorical_interaction,MAR_monotone,cart,0.4,20,10,1000,500,11.348419373035432,0.67331,0.870212,0.39979,0.639698,0.7835400000000001,z,0.25,0.0270813129991865,0.1409901142008261,0.5526812476672385,-0.2229186870008135,-89.16747480032541,0.2363201869509456,0.594,0.6790659926235166
categorical_interaction,MAR_monotone,rf,0.2,20,10,1000,500,105.3023453001976,0.409778,0.59086,0.20015,0.3598899999999999,0.488212,C(cat)[T.B],0.0,-0.0318981949638567,0.1107447431022483,0.4341193929608133,-0.0318981949638567,,0.102578970111793,0.954,0.4172813309371246
categorical_interaction,MAR_monotone,rf,0.2,10,10,1000,500,52.43061755228042,0.409778,0.59086,0.20015,0.3598899999999999,0.488212,C(cat)[T.B],0.0,-0.032310270719414,0.1122701542293504,0.4400990045790537,-0.032310270719414,,0.1039217736024462,0.956,0.4230631484890624
categorical_interaction,MAR_monotone,rf,0.2,20,10,1000,500,105.3023453001976,0.409778,0.59086,0.20015,0.3598899999999999,0.488212,C(cat)[T.C],0.0,0.0024012461432146,0.1204429561226428,0.4721363880007598,0.0024012461432146,,0.1066367435478622,0.972,0.427005100289431
categorical_interaction,MAR_monotone,rf,0.2,10,10,1000,500,52.43061755228042,0.409778,0.59086,0.20015,0.3598899999999999,0.488212,C(cat)[T.C],0.0,0.0009915655072201,0.1224104017193465,0.4798487747398385,0.0009915655072201,,0.1089840690897071,0.97,0.4371964831341501
categorical_interaction,MAR_monotone,rf,0.2,20,10,1000,500,105.3023453001976,0.409778,0.59086,0.20015,0.3598899999999999,0.488212,x1,0.3,0.3095287335802666,0.0842507925942988,0.3302631069696513,0.0095287335802665,3.1762445267555206,0.0689338273065023,0.976,0.4475095677933803
categorical_interaction,MAR_monotone,rf,0.2,10,10,1000,500,52.43061755228042,0.409778,0.59086,0.20015,0.3598899999999999,0.488212,x1,0.3,0.3098973823644457,0.0851115836019148,0.3336374077195062,0.0098973823644457,3.2991274548152587,0.0705270975656241,0.976,0.449356925535493
categorical_interaction,MAR_monotone,rf,0.2,20,10,1000,500,105.3023453001976,0.409778,0.59086,0.20015,0.3598899999999999,0.488212,x1:C(cat)[T.B],0.8,0.6716594229716457,0.119330486345478,0.467775506474274,-0.1283405770283543,-16.042572128544286,0.1746372978864939,0.812,0.5083937174202413
categorical_interaction,MAR_monotone,rf,0.2,10,10,1000,500,52.43061755228042,0.409778,0.59086,0.20015,0.3598899999999999,0.488212,x1:C(cat)[T.B],0.8,0.6713140735115207,0.1205740127581814,0.4726501300120711,-0.1286859264884792,-16.0857408110599,0.1753940785214105,0.796,0.5098561093644951
categorical_interaction,MAR_monotone,rf,0.2,20,10,1000,500,105.3023453001976,0.409778,0.59086,0.20015,0.3598899999999999,0.488212,x1:C(cat)[T.C],-0.8,-0.7520442925986434,0.1334665155535941,0.523188740970089,0.0479557074013566,-5.994463425169583,0.1268200734325597,0.954,0.4913577039101967
categorical_interaction,MAR_monotone,rf,0.2,10,10,1000,500,52.43061755228042,0.409778,0.59086,0.20015,0.3598899999999999,0.488212,x1:C(cat)[T.C],-0.8,-0.7540736438999545,0.1342686545670242,0.526333125902735,0.0459263561000455,-5.740794512505689,0.128384777459101,0.942,0.487972340960972
categorical_interaction,MAR_monotone,rf,0.2,20,10,1000,500,105.3023453001976,0.409778,0.59086,0.20015,0.3598899999999999,0.488212,x2,0.3,0.2576588628762984,0.047605354100335,0.1866129880733134,-0.0423411371237014,-14.11371237456716,0.0621793195020415,0.86,0.4604641073647842
categorical_interaction,MAR_monotone,rf,0.2,10,10,1000,500,52.43061755228042,0.409778,0.59086,0.20015,0.3598899999999999,0.488212,x2,0.3,0.257336326383151,0.048110433957069,0.1885929011117108,-0.0426636736168489,-14.22122453894966,0.0629057862860611,0.866,0.4632678496738966
categorical_interaction,MAR_monotone,rf,0.2,20,10,1000,500,105.3023453001976,0.409778,0.59086,0.20015,0.3598899999999999,0.488212,x3,0.2,0.1379353031415645,0.0466114246039942,0.1827167844476574,-0.0620646968584354,-31.032348429217745,0.0736056329478214,0.776,0.4440038668217976
categorical_interaction,MAR_monotone,rf,0.2,10,10,1000,500,52.43061755228042,0.409778,0.59086,0.20015,0.3598899999999999,0.488212,x3,0.2,0.1382656182109518,0.0471571371204227,0.1848559775120572,-0.0617343817890481,-30.867190894524093,0.0733291446841408,0.782,0.448314784987187
categorical_interaction,MAR_monotone,rf,0.2,20,10,1000,500,105.3023453001976,0.409778,0.59086,0.20015,0.3598899999999999,0.488212,z,0.25,0.0738077569682987,0.0916391496321412,0.3592254665579936,-0.1761922430317012,-70.47689721268048,0.18586908102781,0.504,0.4045022256000181
categorical_interaction,MAR_monotone,rf,0.2,10,10,1000,500,52.43061755228042,0.409778,0.59086,0.20015,0.3598899999999999,0.488212,z,0.25,0.0739251076162034,0.0923256888623857,0.3619167003405523,-0.1760748923837965,-70.42995695351863,0.1865524204023939,0.498,0.4039777521790409
categorical_interaction,MAR_monotone,rf,0.4,10,10,1000,500,66.19947046232224,0.67331,0.870212,0.39979,0.639698,0.7835400000000001,C(cat)[T.B],0.0,-0.0961666829137582,0.1352177738009135,0.5300536732995811,-0.0961666829137582,,0.1687309255142866,0.888,0.5410678430735217
categorical_interaction,MAR_monotone,rf,0.4,20,10,1000,500,138.50751991033553,0.67331,0.870212,0.39979,0.639698,0.7835400000000001,C(cat)[T.B],0.0,-0.0969506388299631,0.133406530062853,0.5229535978463842,-0.0969506388299631,,0.1681847314120703,0.888,0.5412681508722634
categorical_interaction,MAR_monotone,rf,0.4,10,10,1000,500,66.19947046232224,0.67331,0.870212,0.39979,0.639698,0.7835400000000001,C(cat)[T.C],0.0,0.0041772008787127,0.146433240187284,0.5740183015341533,0.0041772008787127,,0.1706488374161739,0.902,0.5446431041378987
categorical_interaction,MAR_monotone,rf,0.4,20,10,1000,500,138.50751991033553,0.67331,0.870212,0.39979,0.639698,0.7835400000000001,C(cat)[T.C],0.0,0.0048523244056309,0.144860814578821,0.5678543931489785,0.0048523244056309,,0.1690021941873788,0.904,0.5465977296305345
categorical_interaction,MAR_monotone,rf,0.4,10,10,1000,500,66.19947046232224,0.67331,0.870212,0.39979,0.639698,0.7835400000000001,x1,0.3,0.3060908546002236,0.1033160154985867,0.40499878075446,0.0060908546002236,2.030284866741227,0.1265620723851054,0.884,0.5614287749678739
categorical_interaction,MAR_monotone,rf,0.4,20,10,1000,500,138.50751991033553,0.67331,0.870212,0.39979,0.639698,0.7835400000000001,x1,0.3,0.305088545368687,0.102617586214696,0.4022609379616084,0.005088545368687,1.696181789562359,0.1257990125509827,0.882,0.5686557276106952
categorical_interaction,MAR_monotone,rf,0.4,10,10,1000,500,66.19947046232224,0.67331,0.870212,0.39979,0.639698,0.7835400000000001,x1:C(cat)[T.B],0.8,0.3465253082296176,0.1442130496726601,0.5653151547168277,-0.4534746917703824,-56.68433647129781,0.4768595449660863,0.15,0.600407297606023
categorical_interaction,MAR_monotone,rf,0.4,20,10,1000,500,138.50751991033553,0.67331,0.870212,0.39979,0.639698,0.7835400000000001,x1:C(cat)[T.B],0.8,0.3469285759245656,0.1427856384704274,0.5597197028040755,-0.4530714240754344,-56.6339280094293,0.4759276760757282,0.144,0.6049847876869132
categorical_interaction,MAR_monotone,rf,0.4,10,10,1000,500,66.19947046232224,0.67331,0.870212,0.39979,0.639698,0.7835400000000001,x1:C(cat)[T.C],-0.8,-0.4458651065672031,0.1650788884509591,0.6471092427277597,0.3541348934327969,-44.26686167909962,0.3923052739226479,0.408,0.6094832103623106
categorical_interaction,MAR_monotone,rf,0.4,20,10,1000,500,138.50751991033553,0.67331,0.870212,0.39979,0.639698,0.7835400000000001,x1:C(cat)[T.C],-0.8,-0.4446163231191976,0.1642020786425614,0.6436721482788408,0.3553836768808024,-44.4229596101003,0.3920852293842497,0.4,0.6175776673833886
categorical_interaction,MAR_monotone,rf,0.4,10,10,1000,500,66.19947046232224,0.67331,0.870212,0.39979,0.639698,0.7835400000000001,x2,0.3,0.2082050315330021,0.0591253343936572,0.2317713108231363,-0.0917949684669978,-30.59832282233262,0.1332668891643978,0.556,0.5883302043058136
categorical_interaction,MAR_monotone,rf,0.4,20,10,1000,500,138.50751991033553,0.67331,0.870212,0.39979,0.639698,0.7835400000000001,x2,0.3,0.2081432475348587,0.0585443064381875,0.2294936812376951,-0.0918567524651412,-30.618917488380426,0.1329799468843522,0.558,0.5921957428160856
categorical_interaction,MAR_monotone,rf,0.4,10,10,1000,500,66.19947046232224,0.67331,0.870212,0.39979,0.639698,0.7835400000000001,x3,0.2,0.1294359731241044,0.0583772223373889,0.2288387115625648,-0.0705640268758955,-35.282013437947775,0.1114510050432764,0.656,0.5781113928438754
categorical_interaction,MAR_monotone,rf,0.4,20,10,1000,500,138.50751991033553,0.67331,0.870212,0.39979,0.639698,0.7835400000000001,x3,0.2,0.1291593315965135,0.0577167386325167,0.2262496154394656,-0.0708406684034865,-35.42033420174327,0.1112337890843001,0.654,0.5810488670034759
categorical_interaction,MAR_monotone,rf,0.4,10,10,1000,500,66.19947046232224,0.67331,0.870212,0.39979,0.639698,0.7835400000000001,z,0.25,0.0372686216823285,0.1100498662878588,0.4313954758484066,-0.2127313783176714,-85.09255132706859,0.2350286499332443,0.498,0.5184235714360994
categorical_interaction,MAR_monotone,rf,0.4,20,10,1000,500,138.50751991033553,0.67331,0.870212,0.39979,0.639698,0.7835400000000001,z,0.25,0.0372805487717102,0.1097210934613853,0.4301066863686303,-0.2127194512282897,-85.0877804913159,0.2341961217936026,0.484,0.527892939908171