method,mechanism,dataset,missing_rate,n_imputations,param,mean_bias,mean_perc_bias,mean_cov_rate,mean_ci_width,mean_fmi,mean_runtime,total_reps
CART,MAR,large,0.2,10,I(x1 * x2),-0.1117193656035787,-9.30994713363156,0.496,0.22117581409801051,0.3636781307524417,0.23950250363349912,500.0
CART,MAR,large,0.2,10,I(x2 ** 2),0.0302748129319039,6.054962586380784,0.981,0.1930567512922671,0.3748024191515055,0.23950250363349912,500.0
CART,MAR,large,0.2,10,I(x3 * z),-0.09878888916089926,-32.92962972029977,0.9299999999999999,0.3238927227803543,0.30487279253927935,0.23950250363349912,500.0
CART,MAR,large,0.2,10,x1,-0.060799588559962855,-20.266529519987646,0.92,0.19431876027856895,0.27368912333767575,0.23950250363349912,500.0
CART,MAR,large,0.2,10,x2,-0.035299117755992704,-11.766372585330917,0.984,0.20873724988466724,0.29473146459119093,0.23950250363349912,500.0
CART,MAR,large,0.2,10,x3,0.040016056163744,20.00802808187202,1.0,0.22696135759860375,0.21361624076972285,0.23950250363349912,500.0
CART,MAR,large,0.2,10,z,-0.08040342558877134,-32.16137023550854,0.979,0.3109701840490827,0.2428646432137207,0.23950250363349912,500.0
CART,MAR,large,0.2,20,I(x1 * x2),-0.11138180157570535,-9.28181679797545,0.498,0.2196914573686826,0.3624880816017086,0.46954766726493835,500.0
CART,MAR,large,0.2,20,I(x2 ** 2),0.02976577326446135,5.953154652892276,0.982,0.1914377513647446,0.3730983331241788,0.46954766726493835,500.0
CART,MAR,large,0.2,20,I(x3 * z),-0.09950938819932895,-33.169796066443,0.947,0.3230226609487385,0.3061232645997335,0.46954766726493835,500.0
CART,MAR,large,0.2,20,x1,-0.06069794956336626,-20.23264985445544,0.916,0.1934694233242043,0.27133448662164145,0.46954766726493835,500.0
CART,MAR,large,0.2,20,x2,-0.0353413309167995,-11.780443638933178,0.989,0.2081751425175405,0.29643880294703345,0.46954766726493835,500.0
CART,MAR,large,0.2,20,x3,0.0401658854235256,20.082942711762833,1.0,0.226525035817397,0.2134294877751676,0.46954766726493835,500.0
CART,MAR,large,0.2,20,z,-0.0803627437142887,-32.1450974857155,0.983,0.309290923939913,0.23852263902371124,0.46954766726493835,500.0
CART,MAR,large,0.3,10,I(x1 * x2),-0.1557139220614887,-12.976160171790728,0.306,0.25862844751813024,0.48273679214289755,0.2502287867069244,500.0
CART,MAR,large,0.3,10,I(x2 ** 2),0.038852471025719204,7.770494205143846,0.955,0.22619067148115118,0.49476869919274574,0.2502287867069244,500.0
CART,MAR,large,0.3,10,I(x3 * z),-0.13818672735965243,-46.06224245321751,0.812,0.3592252916355394,0.3811956966443586,0.2502287867069244,500.0
CART,MAR,large,0.3,10,x1,-0.06685348687799395,-22.284495625997998,0.884,0.21945791818449173,0.37547162811388746,0.2502287867069244,500.0
CART,MAR,large,0.3,10,x2,-0.04331487718632345,-14.438292395441177,0.958,0.23861996836009897,0.4081775787633085,0.2502287867069244,500.0
CART,MAR,large,0.3,10,x3,0.036905888286372396,18.452944143186222,0.994,0.24813125105166967,0.2827255748716275,0.2502287867069244,500.0
CART,MAR,large,0.3,10,z,-0.11994931963748176,-47.9797278549927,0.855,0.3439316530134379,0.32475849555007336,0.2502287867069244,500.0
CART,MAR,large,0.3,20,I(x1 * x2),-0.15519897783032754,-12.933248152527298,0.27699999999999997,0.25573716774603167,0.483075938283756,0.4833293724060058,500.0
CART,MAR,large,0.3,20,I(x2 ** 2),0.03832199067985845,7.664398135971706,0.954,0.2239438563725094,0.49552003865474253,0.4833293724060058,500.0
CART,MAR,large,0.3,20,I(x3 * z),-0.1378030717799228,-45.93435725997428,0.8240000000000001,0.35572312977186527,0.3770295112939467,0.4833293724060058,500.0
CART,MAR,large,0.3,20,x1,-0.06711041975779986,-22.37013991926664,0.881,0.21810567878482665,0.3746273127651074,0.4833293724060058,500.0
CART,MAR,large,0.3,20,x2,-0.0428930246965519,-14.297674898850651,0.962,0.2365217305473974,0.40594399445870144,0.4833293724060058,500.0
CART,MAR,large,0.3,20,x3,0.03689098307232075,18.445491536160414,0.997,0.2471295497907986,0.2820211052302696,0.4833293724060058,500.0
CART,MAR,large,0.3,20,z,-0.12019248655837335,-48.076994623349364,0.863,0.34167027302300246,0.32174000992296975,0.4833293724060058,500.0
CART,MAR,large,0.5,10,I(x1 * x2),-0.28006987224551916,-23.339156020459935,0.095,0.3561398033652384,0.659702181099027,0.2625910580158233,500.0
CART,MAR,large,0.5,10,I(x2 ** 2),0.07250981408317494,14.501962816635004,0.882,0.30896091936391035,0.6612406695433983,0.2625910580158233,500.0
CART,MAR,large,0.5,10,I(x3 * z),-0.188822020681186,-62.94067356039534,0.607,0.4179174858847766,0.44722381215577767,0.2625910580158233,500.0
CART,MAR,large,0.5,10,x1,-0.08760090112465804,-29.200300374886027,0.829,0.29059399359778165,0.5578127698675822,0.2625910580158233,500.0
CART,MAR,large,0.5,10,x2,-0.0570231596022674,-19.007719867422487,0.924,0.31388517846613023,0.5765761025561176,0.2625910580158233,500.0
CART,MAR,large,0.5,10,x3,0.022999082657968947,11.499541328984483,0.998,0.2982823224506912,0.40027210212348535,0.2625910580158233,500.0
CART,MAR,large,0.5,10,z,-0.1846968628527441,-73.87874514109765,0.603,0.413762730772272,0.4326202184652027,0.2625910580158233,500.0
CART,MAR,large,0.5,20,I(x1 * x2),-0.28032662216281345,-23.360551846901124,0.083,0.3535959852838158,0.6693325659877505,0.5225277445316314,500.0
CART,MAR,large,0.5,20,I(x2 ** 2),0.07246043418652595,14.492086837305193,0.891,0.3069395158433851,0.6693008931378573,0.5225277445316314,500.0
CART,MAR,large,0.5,20,I(x3 * z),-0.1901811304811528,-63.393710160384266,0.616,0.41494307951870457,0.44879777490376976,0.5225277445316314,500.0
CART,MAR,large,0.5,20,x1,-0.087227433984043,-29.075811328014353,0.8360000000000001,0.28552846166271717,0.55411142279544,0.5225277445316314,500.0
CART,MAR,large,0.5,20,x2,-0.05731419076520315,-19.10473025506772,0.926,0.309016848359204,0.5744061556953145,0.5225277445316314,500.0
CART,MAR,large,0.5,20,x3,0.0237458799504627,11.872939975231379,0.999,0.29533363409225394,0.3965725575393282,0.5225277445316314,500.0
CART,MAR,large,0.5,20,z,-0.18512475699311526,-74.04990279724612,0.604,0.4125075165925699,0.43786121958021357,0.5225277445316314,500.0
CART,MAR,medium,0.2,10,I(x1 * x2),-0.08354565663402785,-13.92427610567132,0.7330000000000001,0.19470286915864143,0.27511699675898,0.24437977910041803,500.0
CART,MAR,medium,0.2,10,I(x2 ** 2),0.02712996779053305,10.85198711621323,0.993,0.1667428604541314,0.2669795533974223,0.24437977910041803,500.0
CART,MAR,medium,0.2,10,I(x3 * z),-0.0526730063850792,-35.11533759005282,0.999,0.2971535931245961,0.2626411795425949,0.24437977910041803,500.0
CART,MAR,medium,0.2,10,x1,-0.05880796500878695,-19.602655002928998,0.914,0.17949978597892097,0.238522597515139,0.24437977910041803,500.0
CART,MAR,medium,0.2,10,x2,-0.03205523549618295,-10.68507849872767,0.995,0.1884974630865848,0.23091132546169774,0.24437977910041803,500.0
CART,MAR,medium,0.2,10,x3,0.04026606784008805,20.133033920044056,0.999,0.21145981913666684,0.1890857109184686,0.24437977910041803,500.0
CART,MAR,medium,0.2,10,z,-0.05279778309858045,-21.11911323943221,0.998,0.287632499057474,0.20918084520618718,0.24437977910041803,500.0
CART,MAR,medium,0.2,20,I(x1 * x2),-0.0834330794254372,-13.905513237572876,0.743,0.19393962466417985,0.27418905807223376,0.4672510542869568,500.0
CART,MAR,medium,0.2,20,I(x2 ** 2),0.027060469105314053,10.824187642125633,0.992,0.16627091425211465,0.26692223980818797,0.4672510542869568,500.0
CART,MAR,medium,0.2,20,I(x3 * z),-0.05258832017712385,-35.0588801180826,0.999,0.2960289758775415,0.2614665494837378,0.4672510542869568,500.0
CART,MAR,medium,0.2,20,x1,-0.0589384284924717,-19.64614283082392,0.923,0.178997407550268,0.23778720619516955,0.4672510542869568,500.0
CART,MAR,medium,0.2,20,x2,-0.0319228415706778,-10.640947190225948,0.995,0.18785373005810668,0.2295325906488943,0.4672510542869568,500.0
CART,MAR,medium,0.2,20,x3,0.04025743538532875,20.12871769266441,0.998,0.21086400571288372,0.1869483953894852,0.4672510542869568,500.0
CART,MAR,medium,0.2,20,z,-0.0526242177919324,-21.049687116772965,0.997,0.2869326775283311,0.20812870333623285,0.4672510542869568,500.0
CART,MAR,medium,0.3,10,I(x1 * x2),-0.1068926252811084,-17.815437546851413,0.522,0.2156188955933953,0.38332811467975214,0.2490067243576049,500.0
CART,MAR,medium,0.3,10,I(x2 ** 2),0.02986292619814555,11.945170479258234,0.97,0.1848780246727665,0.37642299436125093,0.2490067243576049,500.0
CART,MAR,medium,0.3,10,I(x3 * z),-0.0774908086459417,-51.6605390972945,0.97,0.3192808527130946,0.3366551154027125,0.2490067243576049,500.0
CART,MAR,medium,0.3,10,x1,-0.0636545648756812,-21.21818829189375,0.86,0.1966212900131565,0.33936871887661896,0.2490067243576049,500.0
CART,MAR,medium,0.3,10,x2,-0.0378403492655177,-12.613449755172574,0.973,0.2073425483244358,0.3391626587045049,0.2490067243576049,500.0
CART,MAR,medium,0.3,10,x3,0.0375218893530381,18.760944676519063,0.997,0.22507792184765557,0.25904729793393694,0.2490067243576049,500.0
CART,MAR,medium,0.3,10,z,-0.0834969626745043,-33.39878506980174,0.9450000000000001,0.31198712547736185,0.30255180448342234,0.2490067243576049,500.0
CART,MAR,medium,0.3,20,I(x1 * x2),-0.10639224980329426,-17.732041633882382,0.513,0.21448781242347703,0.3853558980035787,0.49533380842208863,500.0
CART,MAR,medium,0.3,20,I(x2 ** 2),0.02972959153250035,11.891836613000171,0.974,0.18380604374846882,0.37754657036286443,0.49533380842208863,500.0
CART,MAR,medium,0.3,20,I(x3 * z),-0.0770178828709637,-51.34525524730917,0.984,0.3174926454153131,0.33625361813136434,0.49533380842208863,500.0
CART,MAR,medium,0.3,20,x1,-0.0637331466822285,-21.24438222740951,0.87,0.1950915634302192,0.3363030031438369,0.49533380842208863,500.0
CART,MAR,medium,0.3,20,x2,-0.037425831633572895,-12.475277211190985,0.972,0.204982465805908,0.3308824916333597,0.49533380842208863,500.0
CART,MAR,medium,0.3,20,x3,0.03749497510354475,18.747487551772405,0.999,0.22399339914063074,0.2565011511112902,0.49533380842208863,500.0
CART,MAR,medium,0.3,20,z,-0.0831211028210406,-33.24844112841626,0.956,0.3095943679826191,0.2979913093960588,0.49533380842208863,500.0
CART,MAR,medium,0.5,10,I(x1 * x2),-0.16737481453225725,-27.895802422042884,0.29300000000000004,0.2737278248370375,0.5740893755895362,0.266885969877243,500.0
CART,MAR,medium,0.5,10,I(x2 ** 2),0.03965590100580575,15.862360402322318,0.94,0.2346757777071356,0.5669120535583119,0.266885969877243,500.0
CART,MAR,medium,0.5,10,I(x3 * z),-0.10663944930357225,-71.09296620238153,0.928,0.3612656177569251,0.4372850775135948,0.266885969877243,500.0
CART,MAR,medium,0.5,10,x1,-0.0774616540275837,-25.820551342527914,0.7989999999999999,0.24109591547169879,0.5180741566287255,0.266885969877243,500.0
CART,MAR,medium,0.5,10,x2,-0.047873763476299847,-15.957921158766624,0.921,0.2540930159692263,0.5139317526335438,0.266885969877243,500.0
CART,MAR,medium,0.5,10,x3,0.02646776491149605,13.23388245574807,0.996,0.260176479174946,0.398963281640837,0.266885969877243,500.0
CART,MAR,medium,0.5,10,z,-0.13738781606829845,-54.955126427319385,0.753,0.3657159804604021,0.44653432274328725,0.266885969877243,500.0
CART,MAR,medium,0.5,20,I(x1 * x2),-0.16742184075578914,-27.90364012596487,0.28700000000000003,0.2717633901643737,0.5812316391614256,0.5241235930919648,500.0
CART,MAR,medium,0.5,20,I(x2 ** 2),0.03964766136396,15.859064545584028,0.951,0.23294976354669095,0.5742516580423217,0.5241235930919648,500.0
CART,MAR,medium,0.5,20,I(x3 * z),-0.1072621772727083,-71.50811818180557,0.9319999999999999,0.3577647026765606,0.43558931803107936,0.5241235930919648,500.0
CART,MAR,medium,0.5,20,x1,-0.07713413562429285,-25.711378541430967,0.8140000000000001,0.23990220697859943,0.5237781646766958,0.5241235930919648,500.0
CART,MAR,medium,0.5,20,x2,-0.04788754756833595,-15.962515856112006,0.9339999999999999,0.2521426445493272,0.5180090297141965,0.5241235930919648,500.0
CART,MAR,medium,0.5,20,x3,0.02674554952128285,13.372774760641441,0.997,0.2579397587328642,0.39667692377968067,0.5241235930919648,500.0
CART,MAR,medium,0.5,20,z,-0.13651706209523246,-54.60682483809299,0.753,0.36135226240130114,0.4426202849974341,0.5241235930919648,500.0
CART,MAR,small,0.2,10,I(x1 * x2),-0.05356986116423925,-29.761033980132957,0.953,0.18491503585776795,0.2325815949509703,0.23819438362121576,500.0
CART,MAR,small,0.2,10,I(x2 ** 2),0.02087078550615275,27.827714008203735,0.998,0.15867368064595921,0.2268095907723855,0.23819438362121576,500.0
CART,MAR,small,0.2,10,I(x3 * z),-0.02220484020468605,-49.344089343746916,1.0,0.2872693260239598,0.24417861753692455,0.23819438362121576,500.0
CART,MAR,small,0.2,10,x1,-0.0581874524565891,-19.395817485529726,0.91,0.17415617844506065,0.2249727487514544,0.23819438362121576,500.0
CART,MAR,small,0.2,10,x2,-0.02854181702481615,-9.513939008272054,0.994,0.18228479573744685,0.21232565629069622,0.23819438362121576,500.0
CART,MAR,small,0.2,10,x3,0.0396462186666872,19.823109333343616,0.997,0.20622302107953872,0.18134940528798765,0.23819438362121576,500.0
CART,MAR,small,0.2,10,z,-0.03233078300214175,-12.932313200856711,1.0,0.27981980216938634,0.19846108282473446,0.23819438362121576,500.0
CART,MAR,small,0.2,20,I(x1 * x2),-0.05373959570154465,-29.855330945302608,0.958,0.1842081879844919,0.23131173468863403,0.4622950007915496,500.0
CART,MAR,small,0.2,20,I(x2 ** 2),0.02108499823238055,28.11333097650742,0.997,0.15815344579064922,0.2257683374521925,0.4622950007915496,500.0
CART,MAR,small,0.2,20,I(x3 * z),-0.0221041828213919,-49.12040626975987,1.0,0.28634408099328224,0.2432234851283451,0.4622950007915496,500.0
CART,MAR,small,0.2,20,x1,-0.05829384499752355,-19.431281665841205,0.912,0.17390300316944385,0.22579581744719235,0.4622950007915496,500.0
CART,MAR,small,0.2,20,x2,-0.02833485066345765,-9.444950221152562,0.998,0.1812311564704984,0.20663502892340455,0.4622950007915496,500.0
CART,MAR,small,0.2,20,x3,0.03948794871311445,19.743974356557235,0.996,0.20577957640208366,0.18026740396154928,0.4622950007915496,500.0
CART,MAR,small,0.2,20,z,-0.03255310580991865,-13.021242323967474,1.0,0.27913296002168375,0.19707097654639835,0.4622950007915496,500.0
CART,MAR,small,0.3,10,I(x1 * x2),-0.0581032761212373,-32.279597845131875,0.908,0.1998782824380922,0.33171621449207356,0.2484212579727172,500.0
CART,MAR,small,0.3,10,I(x2 ** 2),0.01710657203966295,22.80876271955063,0.994,0.1721736510132824,0.32942534767680753,0.2484212579727172,500.0
CART,MAR,small,0.3,10,I(x3 * z),-0.03932634079561115,-87.39186843469152,1.0,0.30586361218273705,0.32221670011844045,0.2484212579727172,500.0
CART,MAR,small,0.3,10,x1,-0.060645828529037354,-20.215276176345803,0.857,0.18933742483446714,0.33049653318319405,0.2484212579727172,500.0
CART,MAR,small,0.3,10,x2,-0.03376257732365305,-11.254192441217702,0.975,0.19544073249368493,0.3028434855402835,0.2484212579727172,500.0
CART,MAR,small,0.3,10,x3,0.03744381399954655,18.7219069997733,0.993,0.21827918714915895,0.25865055343587035,0.2484212579727172,500.0
CART,MAR,small,0.3,10,z,-0.0561304542137433,-22.45218168549734,0.992,0.299747327102195,0.2900892637566923,0.2484212579727172,500.0
CART,MAR,small,0.3,20,I(x1 * x2),-0.05779579407694745,-32.10877448719306,0.909,0.19896289598659467,0.331544773668154,0.47854712891578677,500.0
CART,MAR,small,0.3,20,I(x2 ** 2),0.01712460820460015,22.83281093946696,0.995,0.1709096031264407,0.32619267745208713,0.47854712891578677,500.0
CART,MAR,small,0.3,20,I(x3 * z),-0.03958276896552805,-87.96170881228471,1.0,0.30403709660100864,0.3203520189460396,0.47854712891578677,500.0
CART,MAR,small,0.3,20,x1,-0.0609810258334919,-20.327008611163983,0.871,0.18827471953969235,0.32987811780479115,0.47854712891578677,500.0
CART,MAR,small,0.3,20,x2,-0.0333620208351523,-11.120673611717452,0.977,0.1948203263521348,0.3042935793909912,0.47854712891578677,500.0
CART,MAR,small,0.3,20,x3,0.037814168213961497,18.907084106980758,0.994,0.21725303227367235,0.25655774059567266,0.47854712891578677,500.0
CART,MAR,small,0.3,20,z,-0.055650168919029505,-22.26006756761181,0.996,0.2975556538028027,0.2846659528865692,0.47854712891578677,500.0
CART,MAR,small,0.5,10,I(x1 * x2),-0.0692692561463363,-38.48292008129797,0.853,0.2360832220596621,0.4972898569135745,0.2681905541419982,500.0
CART,MAR,small,0.5,10,I(x2 ** 2),0.00924709854397115,12.329464725294919,0.995,0.203845481772679,0.4980405445800177,0.2681905541419982,500.0
CART,MAR,small,0.5,10,I(x3 * z),-0.0602592246729287,-133.90938816206378,0.995,0.33683423725853817,0.42024826511798186,0.2681905541419982,500.0
CART,MAR,small,0.5,10,x1,-0.06667435382798455,-22.22478460932819,0.832,0.22733695050123587,0.513760226836484,0.2681905541419982,500.0
CART,MAR,small,0.5,10,x2,-0.042220343055683146,-14.07344768522773,0.924,0.2328755474710314,0.4855399435771687,0.2681905541419982,500.0
CART,MAR,small,0.5,10,x3,0.028667434230611,14.33371711530554,0.991,0.24787240590452103,0.4034796888078447,0.2681905541419982,500.0
CART,MAR,small,0.5,10,z,-0.099460816590938,-39.784326636375226,0.881,0.3462029206623653,0.44286028059522753,0.2681905541419982,500.0
CART,MAR,small,0.5,20,I(x1 * x2),-0.0693279589888226,-38.51553277156811,0.855,0.2344842635250505,0.5019875690738904,0.5222148625850678,500.0
CART,MAR,small,0.5,20,I(x2 ** 2),0.00930179060562875,12.402387474171721,0.996,0.20284728781091216,0.5043782623871111,0.5222148625850678,500.0
CART,MAR,small,0.5,20,I(x3 * z),-0.060505561513413506,-134.4568033631412,0.994,0.33465454756475005,0.4235338260047141,0.5222148625850678,500.0
CART,MAR,small,0.5,20,x1,-0.06734173369433,-22.447244564776682,0.8240000000000001,0.2256713766592236,0.5171715743250134,0.5222148625850678,500.0
CART,MAR,small,0.5,20,x2,-0.042518651057332296,-14.172883685777448,0.941,0.23133990856529246,0.49019950123935346,0.5222148625850678,500.0
CART,MAR,small,0.5,20,x3,0.02898465987079625,14.492329935398153,0.989,0.24604808868851868,0.4037008359503371,0.5222148625850678,500.0
CART,MAR,small,0.5,20,z,-0.099393730635221,-39.75749225408843,0.892,0.3443961384267358,0.4484962238058103,0.5222148625850678,500.0
CART,MCAR,large,0.2,10,I(x1 * x2),-0.09659125042851835,-8.0492708690432,0.655,0.2182157289734984,0.3551362216290112,0.2929345881938934,500.0
CART,MCAR,large,0.2,10,I(x2 ** 2),0.03831751671082425,7.663503342164866,0.943,0.19151051999767288,0.37053274300356354,0.2929345881938934,500.0
CART,MCAR,large,0.2,10,I(x3 * z),-0.019450708177488653,-6.483569392496237,1.0,0.30747644963429144,0.24511331203142472,0.2929345881938934,500.0
CART,MCAR,large,0.2,10,x1,-0.0562315820320669,-18.743860677355638,0.921,0.19182530215639498,0.2644400080515006,0.2929345881938934,500.0
CART,MCAR,large,0.2,10,x2,-0.018730843574315398,-6.243614524771816,1.0,0.2080203456904519,0.3001017512183486,0.2929345881938934,500.0
CART,MCAR,large,0.2,10,x3,0.0420937081861531,21.04685409307657,0.999,0.22985061209919866,0.24240388742749786,0.2929345881938934,500.0
CART,MCAR,large,0.2,10,z,-0.02782204451218525,-11.128817804874117,1.0,0.3062079850585137,0.2320345380328092,0.2929345881938934,500.0
CART,MCAR,large,0.2,20,I(x1 * x2),-0.09609133989554444,-8.00761165796204,0.6579999999999999,0.21731335800466683,0.3575353966825394,0.5824272174835206,500.0
CART,MCAR,large,0.2,20,I(x2 ** 2),0.03794770123787965,7.58954024757594,0.945,0.19065957485840307,0.3738490133046057,0.5824272174835206,500.0
CART,MCAR,large,0.2,20,I(x3 * z),-0.019969829828169097,-6.656609942723053,1.0,0.3066218914046815,0.24464425060732206,0.5824272174835206,500.0
CART,MCAR,large,0.2,20,x1,-0.056082503868071246,-18.694167956023755,0.937,0.19108237513447515,0.26363001270973463,0.5824272174835206,500.0
CART,MCAR,large,0.2,20,x2,-0.019056076171704302,-6.3520253905681185,1.0,0.2066204545954754,0.2959949942409615,0.5824272174835206,500.0
CART,MCAR,large,0.2,20,x3,0.0424088228467242,21.204411423362124,1.0,0.2293647998055386,0.24268238327441943,0.5824272174835206,500.0
CART,MCAR,large,0.2,20,z,-0.0280032283702682,-11.201291348107294,1.0,0.3050039521109129,0.22908371926969714,0.5824272174835206,500.0
CART,MCAR,large,0.3,10,I(x1 * x2),-0.1313316679354837,-10.94430566129031,0.46099999999999997,0.2520604424262869,0.4650086591163013,0.31462888622283935,500.0
CART,MCAR,large,0.3,10,I(x2 ** 2),0.048768274847736895,9.753654969547382,0.898,0.22273411642569446,0.4814237257179026,0.31462888622283935,500.0
CART,MCAR,large,0.3,10,I(x3 * z),-0.05080202451599425,-16.9340081719981,0.996,0.3408164360715472,0.32853267145850534,0.31462888622283935,500.0
CART,MCAR,large,0.3,10,x1,-0.058341356605122144,-19.447118868374062,0.919,0.21451510486823466,0.3556857037515633,0.31462888622283935,500.0
CART,MCAR,large,0.3,10,x2,-0.0192784344240939,-6.426144808031305,0.988,0.23494623041696974,0.39741330209012293,0.31462888622283935,500.0
CART,MCAR,large,0.3,10,x3,0.04326561454180025,21.632807270900155,0.998,0.25356201808052037,0.31973540671209805,0.31462888622283935,500.0
CART,MCAR,large,0.3,10,z,-0.04865509374202885,-19.462037496811554,0.993,0.3392423129046467,0.315587075703608,0.31462888622283935,500.0
CART,MCAR,large,0.3,20,I(x1 * x2),-0.1304545264941655,-10.871210541180464,0.469,0.2513727457167052,0.47230006074757114,0.5461712400913239,500.0
CART,MCAR,large,0.3,20,I(x2 ** 2),0.0483529532719066,9.670590654381325,0.915,0.2209705267493233,0.48488558165955054,0.5461712400913239,500.0
CART,MCAR,large,0.3,20,I(x3 * z),-0.0517086856297531,-17.23622854325104,0.996,0.3380923168796189,0.3241814107558446,0.5461712400913239,500.0
CART,MCAR,large,0.3,20,x1,-0.0576960713896908,-19.232023796563606,0.926,0.21345279506316361,0.35664624999054895,0.5461712400913239,500.0
CART,MCAR,large,0.3,20,x2,-0.019449225450064153,-6.483075150021392,0.991,0.23271526722176486,0.3941852259232951,0.5461712400913239,500.0
CART,MCAR,large,0.3,20,x3,0.0440797098739659,22.03985493698298,0.995,0.2518488330202492,0.3169953099337766,0.5461712400913239,500.0
CART,MCAR,large,0.3,20,z,-0.048903463189211,-19.561385275684408,0.996,0.3366729504288538,0.3112245651486781,0.5461712400913239,500.0
CART,MCAR,large,0.5,10,I(x1 * x2),-0.23389348338905766,-19.49112361575481,0.188,0.34582357320830925,0.6435101440707158,0.3003186650276184,500.0
CART,MCAR,large,0.5,10,I(x2 ** 2),0.0781655067127192,15.63310134254385,0.858,0.30557438485322974,0.6546993354511755,0.3003186650276184,500.0
CART,MCAR,large,0.5,10,I(x3 * z),-0.10599282549183325,-35.33094183061111,0.949,0.40988299967802133,0.4331250045058725,0.3003186650276184,500.0
CART,MCAR,large,0.5,10,x1,-0.06321299191669964,-21.07099730556656,0.913,0.2767960568320529,0.5186804236422432,0.3003186650276184,500.0
CART,MCAR,large,0.5,10,x2,-0.0133128589124597,-4.437619637486568,0.979,0.30274362656133313,0.5499382258052001,0.3003186650276184,500.0
CART,MCAR,large,0.5,10,x3,0.04052787835347285,20.26393917673645,0.997,0.3058635295960134,0.4280042364418867,0.3003186650276184,500.0
CART,MCAR,large,0.5,10,z,-0.0959386545576684,-38.3754618230674,0.971,0.40960413746206475,0.4257359924945956,0.3003186650276184,500.0
CART,MCAR,large,0.5,20,I(x1 * x2),-0.23413479315225083,-19.511232762687573,0.16999999999999998,0.34344028254062275,0.6518701913522216,0.6472180032730103,500.0
CART,MCAR,large,0.5,20,I(x2 ** 2),0.0779761452631853,15.595229052637073,0.871,0.3019974402487384,0.6596219941544713,0.6472180032730103,500.0
CART,MCAR,large,0.5,20,I(x3 * z),-0.10656980139959095,-35.52326713319701,0.959,0.4083181972869227,0.43682123707515597,0.6472180032730103,500.0
CART,MCAR,large,0.5,20,x1,-0.0623378785244793,-20.779292841493106,0.93,0.276161398853099,0.5283670578775362,0.6472180032730103,500.0
CART,MCAR,large,0.5,20,x2,-0.01419039799692805,-4.730132665642692,0.987,0.3026463215822611,0.5600477896822982,0.6472180032730103,500.0
CART,MCAR,large,0.5,20,x3,0.040978181603577205,20.489090801788624,0.996,0.30424772764324715,0.4312078514491659,0.6472180032730103,500.0
CART,MCAR,large,0.5,20,z,-0.09607555656682075,-38.43022262672832,0.975,0.4057178750682428,0.42433484020460055,0.6472180032730103,500.0
CART,MCAR,medium,0.2,10,I(x1 * x2),-0.0719886749925559,-11.998112498759326,0.792,0.19015731203874725,0.25021343955495634,0.2972884881496429,500.0
CART,MCAR,medium,0.2,10,I(x2 ** 2),0.03153636185388,12.614544741552017,0.965,0.1641131336468986,0.2508626240395681,0.2972884881496429,500.0
CART,MCAR,medium,0.2,10,I(x3 * z),0.00409082220792195,2.7272148052813385,1.0,0.2849267344082653,0.20900790744695025,0.2972884881496429,500.0
CART,MCAR,medium,0.2,10,x1,-0.05877192953193945,-19.59064317731316,0.899,0.17592226203866673,0.2154059605836339,0.2972884881496429,500.0
CART,MCAR,medium,0.2,10,x2,-0.0193107763881711,-6.436925462723718,1.0,0.18674218307826423,0.22440583802498254,0.2972884881496429,500.0
CART,MCAR,medium,0.2,10,x3,0.04021518158093,20.10759079046501,0.995,0.2123263495238123,0.202133935178091,0.2972884881496429,500.0
CART,MCAR,medium,0.2,10,z,-0.0224598592338149,-8.983943693525969,1.0,0.2856219080575071,0.20497103306434833,0.2972884881496429,500.0
CART,MCAR,medium,0.2,20,I(x1 * x2),-0.07191673004279955,-11.986121673799932,0.8029999999999999,0.1896251960169673,0.2499110291662792,0.5792288868427277,500.0
CART,MCAR,medium,0.2,20,I(x2 ** 2),0.0316825863324182,12.67303453296729,0.966,0.1632971456560382,0.2473247359052247,0.5792288868427277,500.0
CART,MCAR,medium,0.2,20,I(x3 * z),0.0034911820079869,2.327454671991301,1.0,0.28364382457089277,0.20509609343665974,0.5792288868427277,500.0
CART,MCAR,medium,0.2,20,x1,-0.0583704723567413,-19.456824118913794,0.896,0.1751620075369174,0.21199610118536835,0.5792288868427277,500.0
CART,MCAR,medium,0.2,20,x2,-0.01960394799580675,-6.534649331935604,1.0,0.18574964170573866,0.2197380525438391,0.5792288868427277,500.0
CART,MCAR,medium,0.2,20,x3,0.0405194336035193,20.259716801759662,0.998,0.2119226659767435,0.20192013423033534,0.5792288868427277,500.0
CART,MCAR,medium,0.2,20,z,-0.022347339877017453,-8.938935950807,1.0,0.28378427124790906,0.1977693820725806,0.5792288868427277,500.0
CART,MCAR,medium,0.3,10,I(x1 * x2),-0.09023290540548626,-15.038817567581045,0.664,0.20810308629635338,0.3476573544913035,0.31454508018493643,500.0
CART,MCAR,medium,0.3,10,I(x2 ** 2),0.036992132105967704,14.796852842387107,0.964,0.17938844721908204,0.34627676052793965,0.31454508018493643,500.0
CART,MCAR,medium,0.3,10,I(x3 * z),-0.01417859309055455,-9.452395393703057,1.0,0.30577515358977647,0.28871079950741263,0.31454508018493643,500.0
CART,MCAR,medium,0.3,10,x1,-0.06173934393360435,-20.579781311201465,0.88,0.19065929150944033,0.307221320091946,0.31454508018493643,500.0
CART,MCAR,medium,0.3,10,x2,-0.0196339874098544,-6.544662469951492,0.993,0.20230200092171974,0.3145301134955857,0.31454508018493643,500.0
CART,MCAR,medium,0.3,10,x3,0.040651383934077495,20.32569196703877,0.989,0.22922782243115414,0.2903062594531812,0.31454508018493643,500.0
CART,MCAR,medium,0.3,10,z,-0.03822176970972785,-15.288707883891167,0.995,0.3063828476034085,0.2849415482749278,0.31454508018493643,500.0
CART,MCAR,medium,0.3,20,I(x1 * x2),-0.08997084354367296,-14.99514059061217,0.6699999999999999,0.2066665339257462,0.34528945994270266,0.5597468962669372,500.0
CART,MCAR,medium,0.3,20,I(x2 ** 2),0.03684246235776375,14.736984943105508,0.958,0.17811208924713712,0.3437960718391432,0.5597468962669372,500.0
CART,MCAR,medium,0.3,20,I(x3 * z),-0.0148391120283055,-9.892741352203714,1.0,0.3035842416046498,0.2834107336487567,0.5597468962669372,500.0
CART,MCAR,medium,0.3,20,x1,-0.06145018676590065,-20.48339558863357,0.878,0.18927385608199704,0.3028439048699285,0.5597468962669372,500.0
CART,MCAR,medium,0.3,20,x2,-0.0195495908014756,-6.516530267158557,0.995,0.20071522083863055,0.30898903189334387,0.5597468962669372,500.0
CART,MCAR,medium,0.3,20,x3,0.041061546593765194,20.530773296882604,0.994,0.22727832785815993,0.2834290781933836,0.5597468962669372,500.0
CART,MCAR,medium,0.3,20,z,-0.03902700349896065,-15.610801399584272,0.996,0.30531399006813514,0.2843339199859256,0.5597468962669372,500.0
CART,MCAR,medium,0.5,10,I(x1 * x2),-0.1400571565131292,-23.342859418854864,0.394,0.2602766295064693,0.5353997025417669,0.33121782541275024,500.0
CART,MCAR,medium,0.5,10,I(x2 ** 2),0.047862166030856496,19.14486641234263,0.908,0.2227900880156594,0.5288048119162216,0.33121782541275024,500.0
CART,MCAR,medium,0.5,10,I(x3 * z),-0.04193530446526425,-27.956869643509545,0.994,0.3521370840343582,0.4161149361653179,0.33121782541275024,500.0
CART,MCAR,medium,0.5,10,x1,-0.07101451090821714,-23.6715036360724,0.838,0.230363523412437,0.4771027536512179,0.33121782541275024,500.0
CART,MCAR,medium,0.5,10,x2,-0.013267544059190499,-4.422514686396845,0.981,0.24528337193127853,0.4846065302709796,0.33121782541275024,500.0
CART,MCAR,medium,0.5,10,x3,0.03493288028576835,17.466440142884196,0.989,0.2643595383031544,0.4177782864883563,0.33121782541275024,500.0
CART,MCAR,medium,0.5,10,z,-0.07903628135551245,-31.614512542205,0.967,0.35716018240771186,0.4249589456262731,0.33121782541275024,500.0
CART,MCAR,medium,0.5,20,I(x1 * x2),-0.13951746448857885,-23.25291074809649,0.40700000000000003,0.2576928955637673,0.538401016487898,0.5833533375263213,500.0
CART,MCAR,medium,0.5,20,I(x2 ** 2),0.04723343730509895,18.893374922039605,0.92,0.2212153683754762,0.5324672506835295,0.5833533375263213,500.0
CART,MCAR,medium,0.5,20,I(x3 * z),-0.043484517570526196,-28.989678380350846,0.997,0.34979197775572374,0.4165784115446062,0.5833533375263213,500.0
CART,MCAR,medium,0.5,20,x1,-0.07098326821483725,-23.661089404945756,0.851,0.2287651865867995,0.4807474009794245,0.5833533375263213,500.0
CART,MCAR,medium,0.5,20,x2,-0.01268662617500595,-4.228875391668671,0.987,0.24291745630462447,0.48606733629772164,0.5833533375263213,500.0
CART,MCAR,medium,0.5,20,x3,0.03569101824643895,17.845509123219497,0.992,0.2628354120899648,0.41981347837030963,0.5833533375263213,500.0
CART,MCAR,medium,0.5,20,z,-0.07971581488736229,-31.886325954944944,0.976,0.3538270712252346,0.4231006549227596,0.5833533375263213,500.0
CART,MCAR,small,0.2,10,I(x1 * x2),-0.04655908784668335,-25.866159914824124,0.967,0.1805158434981742,0.2030663566491813,0.23791364908218374,500.0
CART,MCAR,small,0.2,10,I(x2 ** 2),0.021683604321048752,28.911472428065053,0.994,0.15523919944088166,0.1991497127120915,0.23791364908218374,500.0
CART,MCAR,small,0.2,10,I(x3 * z),0.0157332333866396,34.962740859199215,1.0,0.2773376878028923,0.1970474501925881,0.23791364908218374,500.0
CART,MCAR,small,0.2,10,x1,-0.0621133051191326,-20.704435039710887,0.848,0.17113082847393346,0.20259068607322417,0.23791364908218374,500.0
CART,MCAR,small,0.2,10,x2,-0.0194517254745334,-6.483908491511144,0.998,0.18011264231265106,0.1987077950549585,0.23791364908218374,500.0
CART,MCAR,small,0.2,10,x3,0.0406583690380158,20.329184519007917,0.996,0.20731265448402902,0.19420892057945005,0.23791364908218374,500.0
CART,MCAR,small,0.2,10,z,-0.01615214783470255,-6.460859133881049,1.0,0.2790054920996441,0.19802571478098363,0.23791364908218374,500.0
CART,MCAR,small,0.2,20,I(x1 * x2),-0.046897511620709195,-26.05417312261623,0.967,0.17966289530580046,0.19825136826190526,0.5741597344875335,500.0
CART,MCAR,small,0.2,20,I(x2 ** 2),0.02197390575433,29.298541005773373,0.998,0.15464640954095094,0.19581446912212705,0.5741597344875335,500.0
CART,MCAR,small,0.2,20,I(x3 * z),0.01509117088785105,33.5359353063358,1.0,0.27618702211705864,0.19317119445758035,0.5741597344875335,500.0
CART,MCAR,small,0.2,20,x1,-0.0625067539624156,-20.83558465413856,0.854,0.17061575455495914,0.20048326552982604,0.5741597344875335,500.0
CART,MCAR,small,0.2,20,x2,-0.018992232595193698,-6.330744198397925,1.0,0.17938686114366614,0.19518999980584184,0.5741597344875335,500.0
CART,MCAR,small,0.2,20,x3,0.04087316784145795,20.436583920728985,0.993,0.2066304568000076,0.19171087776218992,0.5741597344875335,500.0
CART,MCAR,small,0.2,20,z,-0.016011148206476,-6.404459282590418,1.0,0.27744170443907673,0.191897468644724,0.5741597344875335,500.0
CART,MCAR,small,0.3,10,I(x1 * x2),-0.0503384637670429,-27.965813203912763,0.948,0.19216147630552688,0.28526091132531445,0.3058768677711487,500.0
CART,MCAR,small,0.3,10,I(x2 ** 2),0.0213870453059722,28.51606040796306,0.995,0.16652214192473042,0.29224756750203784,0.3058768677711487,500.0
CART,MCAR,small,0.3,10,I(x3 * z),0.0030941731993592,6.875940443020642,0.999,0.2954288756698784,0.2810857010856767,0.3058768677711487,500.0
CART,MCAR,small,0.3,10,x1,-0.06705159299603655,-22.350530998678856,0.812,0.18349846989508012,0.2956879178059737,0.3058768677711487,500.0
CART,MCAR,small,0.3,10,x2,-0.018292397230214398,-6.097465743404808,0.996,0.19236712943389206,0.2873809183557047,0.3058768677711487,500.0
CART,MCAR,small,0.3,10,x3,0.042080376369196704,21.040188184598385,0.985,0.21995279128895218,0.2737903734944967,0.3058768677711487,500.0
CART,MCAR,small,0.3,10,z,-0.028213462778646302,-11.285385111458538,0.997,0.29714554880280875,0.28299320516688586,0.3058768677711487,500.0
CART,MCAR,small,0.3,20,I(x1 * x2),-0.05038718365190335,-27.99287980661301,0.942,0.19104040445521836,0.28247126050521076,0.5520251922607422,500.0
CART,MCAR,small,0.3,20,I(x2 ** 2),0.02166587727128545,28.887836361714037,0.994,0.1653154333936334,0.28738770403899294,0.5520251922607422,500.0
CART,MCAR,small,0.3,20,I(x3 * z),0.00281569414124745,6.257098091661145,0.999,0.2929214485817978,0.27472040826832034,0.5520251922607422,500.0
CART,MCAR,small,0.3,20,x1,-0.0670195972904767,-22.33986576349226,0.801,0.18217801625403596,0.2907206873835839,0.5520251922607422,500.0
CART,MCAR,small,0.3,20,x2,-0.018099001742675598,-6.033000580891882,0.997,0.19105396907051275,0.28226467107395325,0.5520251922607422,500.0
CART,MCAR,small,0.3,20,x3,0.041955617206881346,20.97780860344068,0.988,0.21901887684699675,0.27229698413953585,0.5520251922607422,500.0
CART,MCAR,small,0.3,20,z,-0.028393370817485802,-11.357348326994341,0.997,0.2955162743893599,0.2796677734700228,0.5520251922607422,500.0
CART,MCAR,small,0.5,10,I(x1 * x2),-0.05819816655860445,-32.33231475478027,0.908,0.2223421972443074,0.44299427006917275,0.3249395742416382,500.0
CART,MCAR,small,0.5,10,I(x2 ** 2),0.01620263352291685,21.603511363889233,0.984,0.19412267495127705,0.4557501415824966,0.3249395742416382,500.0
CART,MCAR,small,0.5,10,I(x3 * z),-0.00987630508553235,-21.94734463451642,0.995,0.33180761466808417,0.40991644447795544,0.3249395742416382,500.0
CART,MCAR,small,0.5,10,x1,-0.07724771555486659,-25.749238518288884,0.762,0.21299607125896486,0.45363898411823544,0.3249395742416382,500.0
CART,MCAR,small,0.5,10,x2,-0.01350678424347555,-4.502261414491864,0.98,0.22406599048424153,0.450503198606667,0.3249395742416382,500.0
CART,MCAR,small,0.5,10,x3,0.03423984462904475,17.119922314522395,0.982,0.24831654948218085,0.41020269246309055,0.3249395742416382,500.0
CART,MCAR,small,0.5,10,z,-0.06252328816061785,-25.009315264247142,0.973,0.3436655490508085,0.44250264679298434,0.3249395742416382,500.0
CART,MCAR,small,0.5,20,I(x1 * x2),-0.05799860341032465,-32.22144633906926,0.916,0.22047623813307304,0.44430884625471895,0.5795250215530396,500.0
CART,MCAR,small,0.5,20,I(x2 ** 2),0.01631348368114835,21.751311574864538,0.98,0.19265809562577363,0.45801755901021823,0.5795250215530396,500.0
CART,MCAR,small,0.5,20,I(x3 * z),-0.01062996343148475,-23.6221409588551,0.995,0.3288301776060733,0.4090084727791804,0.5795250215530396,500.0
CART,MCAR,small,0.5,20,x1,-0.07786282487727145,-25.9542749590905,0.761,0.21194678060858907,0.45889192161510906,0.5795250215530396,500.0
CART,MCAR,small,0.5,20,x2,-0.0129831773087982,-4.327725769599416,0.987,0.22236969913192156,0.45366584542005206,0.5795250215530396,500.0
CART,MCAR,small,0.5,20,x3,0.0348831095923105,17.441554796155266,0.983,0.24594421306177985,0.4074321849796337,0.5795250215530396,500.0
CART,MCAR,small,0.5,20,z,-0.06295722645208646,-25.182890580834602,0.985,0.3402300541793648,0.4405710748305392,0.5795250215530396,500.0
RF,MAR,large,0.2,10,I(x1 * x2),-0.1333179951364319,-11.109832928035992,0.303,0.23271687519650547,0.37765638749804153,4.4365896465778345,500.0
RF,MAR,large,0.2,10,I(x2 ** 2),0.0295658161474504,5.913163229490092,0.994,0.2019803737287147,0.38425794569086746,4.4365896465778345,500.0
RF,MAR,large,0.2,10,I(x3 * z),-0.08278122059632495,-27.59374019877498,0.978,0.34759611250746475,0.34126627417899014,4.4365896465778345,500.0
RF,MAR,large,0.2,10,x1,-0.06228617373432515,-20.76205791144174,0.934,0.20730579293040385,0.301458506698214,4.4365896465778345,500.0
RF,MAR,large,0.2,10,x2,-0.04437673266117595,-14.792244220392002,0.98,0.2203163263532073,0.3115219845791105,4.4365896465778345,500.0
RF,MAR,large,0.2,10,x3,0.052883331559739344,26.441665779869723,0.993,0.24407077778253988,0.25646488917252275,4.4365896465778345,500.0
RF,MAR,large,0.2,10,z,-0.0675996560483054,-27.039862419322176,0.99,0.3237931167434094,0.2415313001019152,4.4365896465778345,500.0
RF,MAR,large,0.2,20,I(x1 * x2),-0.1331625063658701,-11.096875530489182,0.261,0.2309248641985772,0.3755677881384419,8.783267063379288,500.0
RF,MAR,large,0.2,20,I(x2 ** 2),0.02948671620408765,5.897343240817534,0.997,0.1997860580593412,0.37895298984240633,8.783267063379288,500.0
RF,MAR,large,0.2,20,I(x3 * z),-0.08237225190482886,-27.457417301609627,0.99,0.34452163694241195,0.3361724606647778,8.783267063379288,500.0
RF,MAR,large,0.2,20,x1,-0.062464051676918854,-20.821350558972973,0.94,0.2064894799239895,0.3026595857439729,8.783267063379288,500.0
RF,MAR,large,0.2,20,x2,-0.0438090597783401,-14.603019926113388,0.984,0.2185323410643386,0.3067001547886842,8.783267063379288,500.0
RF,MAR,large,0.2,20,x3,0.05240746078966315,26.203730394831602,0.995,0.2423404095538228,0.2509083826142252,8.783267063379288,500.0
RF,MAR,large,0.2,20,z,-0.0674035389801976,-26.96141559207906,0.995,0.3220204069920771,0.2370751535194498,8.783267063379288,500.0
RF,MAR,large,0.3,10,I(x1 * x2),-0.1826518036779251,-15.220983639827093,0.111,0.2624415249533961,0.4470287149626715,5.673877670764923,500.0
RF,MAR,large,0.3,10,I(x2 ** 2),0.03186684401133935,6.373368802267882,0.984,0.2276095823912742,0.45293784250409724,5.673877670764923,500.0
RF,MAR,large,0.3,10,I(x3 * z),-0.12129841576945535,-40.43280525648514,0.921,0.38376598083001356,0.39134627868535976,5.673877670764923,500.0
RF,MAR,large,0.3,10,x1,-0.0685366936598648,-22.845564553288284,0.899,0.23187983368305154,0.3719697154744682,5.673877670764923,500.0
RF,MAR,large,0.3,10,x2,-0.0572059315996868,-19.068643866562276,0.9390000000000001,0.24606569459093997,0.3786114677502484,5.673877670764923,500.0
RF,MAR,large,0.3,10,x3,0.05552629300992115,27.763146504960584,0.993,0.2683729842834157,0.309811191267231,5.673877670764923,500.0
RF,MAR,large,0.3,10,z,-0.10401487376505685,-41.60594950602275,0.943,0.35817262411516315,0.30240161558051837,5.673877670764923,500.0
RF,MAR,large,0.3,20,I(x1 * x2),-0.18278381770710075,-15.231984808925068,0.1,0.2612601324549996,0.4521290287881563,11.195919801473618,500.0
RF,MAR,large,0.3,20,I(x2 ** 2),0.0320464646016786,6.409292920335732,0.983,0.22614270351543753,0.4556299034058391,11.195919801473618,500.0
RF,MAR,large,0.3,20,I(x3 * z),-0.12062128705430494,-40.20709568476833,0.929,0.38047313246480696,0.3893228321171254,11.195919801473618,500.0
RF,MAR,large,0.3,20,x1,-0.0682320568615113,-22.74401895383711,0.906,0.2308931317496029,0.3738901177183208,11.195919801473618,500.0
RF,MAR,large,0.3,20,x2,-0.0570045849246463,-19.001528308215455,0.953,0.2444952803850891,0.37838099023890404,11.195919801473618,500.0
RF,MAR,large,0.3,20,x3,0.05523640871817735,27.61820435908869,0.994,0.2670982674314084,0.30837972189544494,11.195919801473618,500.0
RF,MAR,large,0.3,20,z,-0.10382417301397664,-41.529669205590665,0.944,0.3554052894149453,0.29749309949929365,11.195919801473618,500.0
RF,MAR,large,0.5,10,I(x1 * x2),-0.30176310359198955,-25.146925299332466,0.014,0.32101906923260803,0.5351185166377423,8.409809922218322,500.0
RF,MAR,large,0.5,10,I(x2 ** 2),0.0395780063386891,7.915601267737836,0.959,0.2807386532681979,0.5474503279491432,8.409809922218322,500.0
RF,MAR,large,0.5,10,I(x3 * z),-0.17742448228824195,-59.14149409608066,0.749,0.4465463328733856,0.43630546530282616,8.409809922218322,500.0
RF,MAR,large,0.5,10,x1,-0.0831441392204823,-27.714713073494124,0.841,0.27989394220630803,0.4567326515685071,8.409809922218322,500.0
RF,MAR,large,0.5,10,x2,-0.082454982635143,-27.484994211714344,0.867,0.2981933636055817,0.4676745437481856,8.409809922218322,500.0
RF,MAR,large,0.5,10,x3,0.053767501739492,26.883750869746038,0.985,0.3178769449782035,0.382001053885134,8.409809922218322,500.0
RF,MAR,large,0.5,10,z,-0.16367211820845434,-65.46884728338176,0.78,0.42510729885619714,0.377956780913124,8.409809922218322,500.0
RF,MAR,large,0.5,20,I(x1 * x2),-0.3014395043233554,-25.119958693612958,0.013000000000000001,0.3188341564704039,0.5403376339621442,17.324308365345,500.0
RF,MAR,large,0.5,20,I(x2 ** 2),0.0393021958916652,7.860439178333049,0.961,0.2788290641518526,0.5523628111620247,17.324308365345,500.0
RF,MAR,large,0.5,20,I(x3 * z),-0.17711019928643656,-59.036733095478866,0.772,0.4439852237320848,0.4408019602023028,17.324308365345,500.0
RF,MAR,large,0.5,20,x1,-0.0836047857155075,-27.86826190516919,0.842,0.27794118735199314,0.45957358620739824,17.324308365345,500.0
RF,MAR,large,0.5,20,x2,-0.08223243013020765,-27.41081004340257,0.863,0.29586487981718046,0.46979242906291263,17.324308365345,500.0
RF,MAR,large,0.5,20,x3,0.053896040123443,26.948020061721518,0.987,0.3150085207836948,0.3795715656624232,17.324308365345,500.0
RF,MAR,large,0.5,20,z,-0.16328035604683955,-65.31214241873585,0.799,0.42162235470787557,0.37715404799002494,17.324308365345,500.0
RF,MAR,medium,0.2,10,I(x1 * x2),-0.08771365661947686,-14.618942769912817,0.675,0.1936593765821924,0.25518017633765544,4.342268819570542,500.0
RF,MAR,medium,0.2,10,I(x2 ** 2),0.025019699799263502,10.007879919705417,0.992,0.16646128956434714,0.2515779098892575,4.342268819570542,500.0
RF,MAR,medium,0.2,10,I(x3 * z),-0.04469075587347765,-29.79383724898516,1.0,0.2988639763597667,0.2568731544922897,4.342268819570542,500.0
RF,MAR,medium,0.2,10,x1,-0.058427157645048994,-19.475719215016344,0.924,0.179330326972804,0.2224070015880984,4.342268819570542,500.0
RF,MAR,medium,0.2,10,x2,-0.0361758722493751,-12.058624083125048,0.991,0.1889790463678767,0.22066435166871456,4.342268819570542,500.0
RF,MAR,medium,0.2,10,x3,0.0455690669082544,22.784533454127228,0.997,0.21367865285750332,0.1892320041695463,4.342268819570542,500.0
RF,MAR,medium,0.2,10,z,-0.04468623972708265,-17.874495890833096,0.999,0.2886522637708788,0.19914370357007835,4.342268819570542,500.0
RF,MAR,medium,0.2,20,I(x1 * x2),-0.0877385533531955,-14.623092225532588,0.6759999999999999,0.1925674010279656,0.25138804214112304,12.83926941895485,500.0
RF,MAR,medium,0.2,20,I(x2 ** 2),0.0248725084778873,9.949003391154953,0.996,0.165624639097083,0.2483741893195704,12.83926941895485,500.0
RF,MAR,medium,0.2,20,I(x3 * z),-0.0445073969636278,-29.6715979757519,1.0,0.2973132291797228,0.25381583192777485,12.83926941895485,500.0
RF,MAR,medium,0.2,20,x1,-0.058494021027800755,-19.498007009266928,0.93,0.17873941222200063,0.22098006770171424,12.83926941895485,500.0
RF,MAR,medium,0.2,20,x2,-0.0359883416754603,-11.99611389182012,0.991,0.18807998403915843,0.21675485278876694,12.83926941895485,500.0
RF,MAR,medium,0.2,20,x3,0.0454096175701384,22.704808785069226,0.996,0.21273248909013726,0.18508907728870422,12.83926941895485,500.0
RF,MAR,medium,0.2,20,z,-0.044717174347230854,-17.886869738892358,1.0,0.28671363666367056,0.19119610164696615,12.83926941895485,500.0
RF,MAR,medium,0.3,10,I(x1 * x2),-0.11126334135594435,-18.543890225990737,0.436,0.20917903904081353,0.3320206517267901,5.777726254940033,500.0
RF,MAR,medium,0.3,10,I(x2 ** 2),0.02389389230853325,9.557556923413316,0.985,0.1803107613468271,0.3317245496910954,5.777726254940033,500.0
RF,MAR,medium,0.3,10,I(x3 * z),-0.06846848206292395,-45.64565470861601,0.984,0.31701220102297023,0.3107237089672072,5.777726254940033,500.0
RF,MAR,medium,0.3,10,x1,-0.06120060812225635,-20.400202707418785,0.875,0.1929997037885465,0.2975613706325997,5.777726254940033,500.0
RF,MAR,medium,0.3,10,x2,-0.045552702501427456,-15.184234167142499,0.95,0.20260322214732446,0.29189250715058623,5.777726254940033,500.0
RF,MAR,medium,0.3,10,x3,0.0453341566913998,22.66707834569993,0.992,0.22697368454527406,0.2513145159859679,5.777726254940033,500.0
RF,MAR,medium,0.3,10,z,-0.0721869316371572,-28.874772654862884,0.974,0.3066541393625815,0.25963736283892247,5.777726254940033,500.0
RF,MAR,medium,0.3,20,I(x1 * x2),-0.11151608783535386,-18.58601463922565,0.42600000000000005,0.20743749125676375,0.32836850410299656,11.429923463344574,500.0
RF,MAR,medium,0.3,20,I(x2 ** 2),0.02422032903913595,9.688131615654408,0.987,0.17863781609997004,0.3268478338102429,11.429923463344574,500.0
RF,MAR,medium,0.3,20,I(x3 * z),-0.06847345925839901,-45.64897283893269,0.988,0.315043429364095,0.30821380347500116,11.429923463344574,500.0
RF,MAR,medium,0.3,20,x1,-0.061356013295054204,-20.452004431684742,0.887,0.19135632481900083,0.2920491649007739,11.429923463344574,500.0
RF,MAR,medium,0.3,20,x2,-0.04534673028207245,-15.115576760690836,0.954,0.20138399628581066,0.2887786956654385,11.429923463344574,500.0
RF,MAR,medium,0.3,20,x3,0.04527994559000005,22.639972795000055,0.993,0.22532146761104485,0.2444279129436311,11.429923463344574,500.0
RF,MAR,medium,0.3,20,z,-0.0724924758197979,-28.996990327919185,0.978,0.3046709292338514,0.2544782097670002,11.429923463344574,500.0
RF,MAR,medium,0.5,10,I(x1 * x2),-0.16823854028992655,-28.03975671498776,0.14900000000000002,0.23585022116362275,0.42400931932283165,8.102334510803223,500.0
RF,MAR,medium,0.5,10,I(x2 ** 2),0.0227407260656389,9.096290426255587,0.977,0.20372370130581496,0.42523993224998646,8.102334510803223,500.0
RF,MAR,medium,0.5,10,I(x3 * z),-0.10246404000393615,-68.30936000262413,0.9410000000000001,0.35107041207802075,0.3860996855083566,8.102334510803223,500.0
RF,MAR,medium,0.5,10,x1,-0.0700369534298737,-23.345651143291263,0.8140000000000001,0.21699082880657306,0.39119800912488856,8.102334510803223,500.0
RF,MAR,medium,0.5,10,x2,-0.0616991084050722,-20.56636946835742,0.869,0.22867697565166464,0.3906924482574033,8.102334510803223,500.0
RF,MAR,medium,0.5,10,x3,0.03868775319761715,19.3438765988086,0.98,0.2514825765112477,0.3337055263380738,8.102334510803223,500.0
RF,MAR,medium,0.5,10,z,-0.121889251161884,-48.755700464753616,0.8029999999999999,0.3421076460371165,0.3500450905839986,8.102334510803223,500.0
RF,MAR,medium,0.5,20,I(x1 * x2),-0.16822123551498236,-28.0368725858304,0.133,0.23447920339415265,0.4259953830008564,16.636290533542635,500.0
RF,MAR,medium,0.5,20,I(x2 ** 2),0.0228210276279972,9.12841105119889,0.979,0.20253381585125665,0.4275573260919131,16.636290533542635,500.0
RF,MAR,medium,0.5,20,I(x3 * z),-0.1025397414638006,-68.35982764253377,0.94,0.3476574625913402,0.38121084979901465,16.636290533542635,500.0
RF,MAR,medium,0.5,20,x1,-0.0705336127588354,-23.51120425294515,0.82,0.21551644739443035,0.3909815781170992,16.636290533542635,500.0
RF,MAR,medium,0.5,20,x2,-0.0612532326382602,-20.417744212753405,0.869,0.22734193065430974,0.39096555008376915,16.636290533542635,500.0
RF,MAR,medium,0.5,20,x3,0.0391147401455169,19.55737007275846,0.982,0.2495281150756705,0.3289643145048541,16.636290533542635,500.0
RF,MAR,medium,0.5,20,z,-0.1220196418736894,-48.807856749475775,0.8069999999999999,0.3403461511018997,0.3492631097444775,16.636290533542635,500.0
RF,MAR,small,0.2,10,I(x1 * x2),-0.05372301211352225,-29.84611784084573,0.948,0.18032091433325725,0.19581604068750552,5.613904303073883,500.0
RF,MAR,small,0.2,10,I(x2 ** 2),0.02040162596833325,27.202167957777718,0.996,0.15430046395280975,0.1850366353503296,5.613904303073883,500.0
RF,MAR,small,0.2,10,I(x3 * z),-0.0191139205785808,-42.47537906351299,1.0,0.28178192377470435,0.2153554134508946,5.613904303073883,500.0
RF,MAR,small,0.2,10,x1,-0.056654647297116306,-18.884882432372116,0.921,0.1705595622548911,0.19295227361968825,5.613904303073883,500.0
RF,MAR,small,0.2,10,x2,-0.03037087558441725,-10.123625194805767,0.999,0.17882601778295482,0.18273304298653764,5.613904303073883,500.0
RF,MAR,small,0.2,10,x3,0.0409020083768676,20.451004188433842,0.996,0.2038871975132304,0.16275878632585034,5.613904303073883,500.0
RF,MAR,small,0.2,10,z,-0.0283564912348557,-11.342596493942311,1.0,0.2749915615662406,0.17036358942137975,5.613904303073883,500.0
RF,MAR,small,0.2,20,I(x1 * x2),-0.053758254204972,-29.86569678054002,0.948,0.1796202489264177,0.192701220988855,8.969821623325348,500.0
RF,MAR,small,0.2,20,I(x2 ** 2),0.020429131385462103,27.238841847282885,0.997,0.1538805170889767,0.18311314270300583,8.969821623325348,500.0
RF,MAR,small,0.2,20,I(x3 * z),-0.01951989644699175,-43.37754765998181,1.0,0.28102518477579663,0.21478235532584605,8.969821623325348,500.0
RF,MAR,small,0.2,20,x1,-0.05670445496836515,-18.90148498945506,0.922,0.16991899789362924,0.1890624910056971,8.969821623325348,500.0
RF,MAR,small,0.2,20,x2,-0.03034918860350025,-10.116396201166772,0.999,0.17800564315892595,0.1776195659372557,8.969821623325348,500.0
RF,MAR,small,0.2,20,x3,0.041047606569117254,20.523803284558642,0.996,0.2030145799988548,0.1581544408726463,8.969821623325348,500.0
RF,MAR,small,0.2,20,z,-0.028520216029606797,-11.408086411842724,1.0,0.2744447385710971,0.16924728661315055,8.969821623325348,500.0
RF,MAR,small,0.3,10,I(x1 * x2),-0.059466855933321294,-33.03714218517852,0.89,0.1891646393966412,0.2584171917108745,5.7532379398345945,500.0
RF,MAR,small,0.3,10,I(x2 ** 2),0.016904346169465997,22.539128225954766,0.995,0.16215814677514476,0.25047624657922346,5.7532379398345945,500.0
RF,MAR,small,0.3,10,I(x3 * z),-0.03520797342086515,-78.23994093525604,1.0,0.29475522460760495,0.27269324307767495,5.7532379398345945,500.0
RF,MAR,small,0.3,10,x1,-0.0586354612979416,-19.545153765980544,0.862,0.17895518065440996,0.25527918468691113,5.7532379398345945,500.0
RF,MAR,small,0.3,10,x2,-0.03619984800166835,-12.066616000556131,0.972,0.18716677346103294,0.24362068588974828,5.7532379398345945,500.0
RF,MAR,small,0.3,10,x3,0.039021836643640395,19.51091832182022,0.994,0.2119965317655648,0.21619632511604087,5.7532379398345945,500.0
RF,MAR,small,0.3,10,z,-0.0494768861774642,-19.7907544709857,0.994,0.2887625575712901,0.23720265151364628,5.7532379398345945,500.0
RF,MAR,small,0.3,20,I(x1 * x2),-0.0591337708351452,-32.85209490841402,0.902,0.1883645818849371,0.25664349588866164,11.497709347963333,500.0
RF,MAR,small,0.3,20,I(x2 ** 2),0.0168926533864178,22.523537848557112,0.995,0.16149528876676633,0.24875364203128936,11.497709347963333,500.0
RF,MAR,small,0.3,20,I(x3 * z),-0.03599648501142655,-79.99218891428137,1.0,0.29277121817973956,0.26740788596192466,11.497709347963333,500.0
RF,MAR,small,0.3,20,x1,-0.05838794631053485,-19.46264877017829,0.868,0.1782465883134287,0.2537663190221818,11.497709347963333,500.0
RF,MAR,small,0.3,20,x2,-0.03619767696421465,-12.065892321404899,0.977,0.1866151177249319,0.24295758664496436,11.497709347963333,500.0
RF,MAR,small,0.3,20,x3,0.03934076381692745,19.67038190846374,0.996,0.210859354020958,0.2110525929027816,11.497709347963333,500.0
RF,MAR,small,0.3,20,z,-0.04983651691611456,-19.934606766445846,0.993,0.2868321093668277,0.23059477147683893,11.497709347963333,500.0
RF,MAR,small,0.5,10,I(x1 * x2),-0.07189234454980689,-39.9401914165594,0.787,0.2072810472545042,0.36306473663523076,8.185455340862273,500.0
RF,MAR,small,0.5,10,I(x2 ** 2),0.00995548772318905,13.273983630918739,0.993,0.17698693377424957,0.35091734689419474,8.185455340862273,500.0
RF,MAR,small,0.5,10,I(x3 * z),-0.0569282471192972,-126.50721582066055,0.995,0.3136151781231362,0.34015900807227806,8.185455340862273,500.0
RF,MAR,small,0.5,10,x1,-0.062311028426754206,-20.77034280891808,0.791,0.1943574943906712,0.351037984720888,8.185455340862273,500.0
RF,MAR,small,0.5,10,x2,-0.04705246960642215,-15.684156535474061,0.906,0.20429006067026034,0.3462101157496187,8.185455340862273,500.0
RF,MAR,small,0.5,10,x3,0.0308863726473967,15.443186323698388,0.982,0.22719290548321405,0.2975291010809178,8.185455340862273,500.0
RF,MAR,small,0.5,10,z,-0.09087623460025815,-36.35049384010327,0.882,0.31294497641767116,0.33029993105137984,8.185455340862273,500.0
RF,MAR,small,0.5,20,I(x1 * x2),-0.07186275193563535,-39.92375107535298,0.781,0.2054981715930166,0.35886954208606814,16.4552212870121,500.0
RF,MAR,small,0.5,20,I(x2 ** 2),0.0097781785017808,13.037571335707774,0.991,0.17563230401601493,0.3483640132318798,16.4552212870121,500.0
RF,MAR,small,0.5,20,I(x3 * z),-0.05699716024484636,-126.66035609965866,0.993,0.31269332276979656,0.3425932407147358,16.4552212870121,500.0
RF,MAR,small,0.5,20,x1,-0.0628740239768263,-20.958007992275448,0.796,0.19389939426593544,0.3537822082165034,16.4552212870121,500.0
RF,MAR,small,0.5,20,x2,-0.0468719940416144,-15.623998013871475,0.899,0.20334871997060777,0.3465514549663801,16.4552212870121,500.0
RF,MAR,small,0.5,20,x3,0.0311320678546538,15.566033927326924,0.983,0.22647340153279882,0.2991393984768381,16.4552212870121,500.0
RF,MAR,small,0.5,20,z,-0.0906147558553988,-36.245902342159525,0.885,0.3113125487807826,0.32990382459052625,16.4552212870121,500.0
RF,MCAR,large,0.2,10,I(x1 * x2),-0.1135265475472747,-9.460545628939563,0.5449999999999999,0.22883847095710874,0.3761954665040591,4.387309126615524,500.0
RF,MCAR,large,0.2,10,I(x2 ** 2),0.0344389848785221,6.887796975704433,0.969,0.1993497275961025,0.3855959590815309,4.387309126615524,500.0
RF,MCAR,large,0.2,10,I(x3 * z),-0.0166092620912016,-5.536420697067213,1.0,0.3268996748827861,0.2847858873061695,4.387309126615524,500.0
RF,MCAR,large,0.2,10,x1,-0.0578947460273241,-19.298248675774722,0.935,0.2020104793723645,0.2909483251967976,4.387309126615524,500.0
RF,MCAR,large,0.2,10,x2,-0.0241598326491612,-8.053277549720418,1.0,0.2151254426922891,0.3027406610876681,4.387309126615524,500.0
RF,MCAR,large,0.2,10,x3,0.0501904969557365,25.095248477868257,1.0,0.24222973224863464,0.2697387978299568,4.387309126615524,500.0
RF,MCAR,large,0.2,10,z,-0.0209900450923208,-8.396018036928334,1.0,0.3180905513066794,0.23917632632880095,4.387309126615524,500.0
RF,MCAR,large,0.2,20,I(x1 * x2),-0.11438716619501621,-9.532263849584686,0.536,0.22677940619541465,0.37320888609152375,8.838559953212737,500.0
RF,MCAR,large,0.2,20,I(x2 ** 2),0.035558463843281554,7.1116927686563205,0.967,0.1978654368775076,0.385686527049029,8.838559953212737,500.0
RF,MCAR,large,0.2,20,I(x3 * z),-0.0158613761513141,-5.287125383771386,1.0,0.3251945271107046,0.2823089158510894,8.838559953212737,500.0
RF,MCAR,large,0.2,20,x1,-0.0573120304653241,-19.104010155108046,0.948,0.20053976306813226,0.2865837479060579,8.838559953212737,500.0
RF,MCAR,large,0.2,20,x2,-0.024994586686579702,-8.331528895526592,0.999,0.21475760250670978,0.3066685323402526,8.838559953212737,500.0
RF,MCAR,large,0.2,20,x3,0.050008953884311355,25.00447694215569,1.0,0.24085891769840478,0.2666145518759738,8.838559953212737,500.0
RF,MCAR,large,0.2,20,z,-0.020808068027694,-8.323227211077628,1.0,0.3168624499851334,0.23813074764402403,8.838559953212737,500.0
RF,MCAR,large,0.3,10,I(x1 * x2),-0.1536654099420065,-12.805450828500543,0.29,0.2572797507188669,0.4485146278688053,5.620407963275909,500.0
RF,MCAR,large,0.3,10,I(x2 ** 2),0.0394568641019878,7.8913728203975655,0.96,0.22400227005075657,0.4569267912260425,5.620407963275909,500.0
RF,MCAR,large,0.3,10,I(x3 * z),-0.04610040971731985,-15.366803239106636,0.997,0.36103190480832215,0.3449370342507163,5.620407963275909,500.0
RF,MCAR,large,0.3,10,x1,-0.0616130151982074,-20.53767173273582,0.9339999999999999,0.2254894037766996,0.36225710731473726,5.620407963275909,500.0
RF,MCAR,large,0.3,10,x2,-0.0277842409565792,-9.261413652193086,0.988,0.24210963443249695,0.3840857742504077,5.620407963275909,500.0
RF,MCAR,large,0.3,10,x3,0.05732565079359925,28.662825396799647,0.985,0.26669607191768585,0.3279562547079221,5.620407963275909,500.0
RF,MCAR,large,0.3,10,z,-0.03709061206675075,-14.836244826700312,1.0,0.3494898024363799,0.2983019403575129,5.620407963275909,500.0
RF,MCAR,large,0.3,20,I(x1 * x2),-0.15328617895877483,-12.773848246564576,0.275,0.2560473524669791,0.4522215512366661,11.269409051895142,500.0
RF,MCAR,large,0.3,20,I(x2 ** 2),0.03939124527432125,7.878249054864261,0.967,0.22353857050482584,0.46372830707450696,11.269409051895142,500.0
RF,MCAR,large,0.3,20,I(x3 * z),-0.04632686242158725,-15.442287473862436,0.999,0.3596177007409307,0.3462765178559343,11.269409051895142,500.0
RF,MCAR,large,0.3,20,x1,-0.060735558800746,-20.245186266915344,0.938,0.2232045436764969,0.3579126089252156,11.269409051895142,500.0
RF,MCAR,large,0.3,20,x2,-0.02851307320027225,-9.5043577334241,0.992,0.24012766556380039,0.38107023917875155,11.269409051895142,500.0
RF,MCAR,large,0.3,20,x3,0.0572834087767172,28.641704388358622,0.992,0.2662187747158869,0.33171771097298725,11.269409051895142,500.0
RF,MCAR,large,0.3,20,z,-0.0369123001330743,-14.764920053229739,0.999,0.34829019226426655,0.2983748594644428,11.269409051895142,500.0
RF,MCAR,large,0.5,10,I(x1 * x2),-0.2563838267050096,-21.365318892084133,0.062,0.31712396091650763,0.5385634975486813,8.110008682727814,500.0
RF,MCAR,large,0.5,10,I(x2 ** 2),0.043687914340967596,8.73758286819352,0.9430000000000001,0.2763489560939705,0.5457492887142268,8.110008682727814,500.0
RF,MCAR,large,0.5,10,I(x3 * z),-0.09942969051545415,-33.14323017181806,0.986,0.4385871718872236,0.4367939748311994,8.110008682727814,500.0
RF,MCAR,large,0.5,10,x1,-0.06467478003682381,-21.558260012274623,0.911,0.27077288559965224,0.44044407960650944,8.110008682727814,500.0
RF,MCAR,large,0.5,10,x2,-0.0317451214967076,-10.581707165569213,0.967,0.29118536963356123,0.4586238093878112,8.110008682727814,500.0
RF,MCAR,large,0.5,10,x3,0.06562186198226086,32.81093099113045,0.982,0.32367102238868317,0.4220511804640002,8.110008682727814,500.0
RF,MCAR,large,0.5,10,z,-0.07646212971458716,-30.584851885834894,0.985,0.4165416307235763,0.3743948048863998,8.110008682727814,500.0
RF,MCAR,large,0.5,20,I(x1 * x2),-0.2569070388506914,-21.408919904224284,0.04,0.31375637985361254,0.5404143081256233,16.221205778598783,500.0
RF,MCAR,large,0.5,20,I(x2 ** 2),0.0447632095119579,8.952641902391587,0.949,0.27439599987952923,0.551820817377307,16.221205778598783,500.0
RF,MCAR,large,0.5,20,I(x3 * z),-0.09830198766269505,-32.76732922089838,0.99,0.4355841984545413,0.43840936631252003,16.221205778598783,500.0
RF,MCAR,large,0.5,20,x1,-0.06489436995406014,-21.631456651353403,0.918,0.2707505857192066,0.4499261518153518,16.221205778598783,500.0
RF,MCAR,large,0.5,20,x2,-0.03161355543578905,-10.537851811929698,0.976,0.29173648130137614,0.47150834083167287,16.221205778598783,500.0
RF,MCAR,large,0.5,20,x3,0.06472037081696294,32.3601854084815,0.984,0.32091838797681027,0.42114629310062346,16.221205778598783,500.0
RF,MCAR,large,0.5,20,z,-0.07672360511177945,-30.689442044711807,0.992,0.4159069408756103,0.38025415629950954,16.221205778598783,500.0
RF,MCAR,medium,0.2,10,I(x1 * x2),-0.0765654158556352,-12.760902642605876,0.766,0.18968753288113793,0.23637711190030355,4.358980757951737,500.0
RF,MCAR,medium,0.2,10,I(x2 ** 2),0.028086488525627402,11.234595410250975,0.986,0.164035630099494,0.2407018611560776,4.358980757951737,500.0
RF,MCAR,medium,0.2,10,I(x3 * z),0.00400809457626445,2.6720630508429934,1.0,0.28771948275749065,0.21248284735733863,4.358980757951737,500.0
RF,MCAR,medium,0.2,10,x1,-0.058334599152495906,-19.444866384165316,0.907,0.17642208729941333,0.20896596297023673,4.358980757951737,500.0
RF,MCAR,medium,0.2,10,x2,-0.02374115736076995,-7.91371912025666,0.999,0.18665581914729729,0.21307742792255585,4.358980757951737,500.0
RF,MCAR,medium,0.2,10,x3,0.0447795480824366,22.389774041218313,0.996,0.2146436101111189,0.2069762740359121,4.358980757951737,500.0
RF,MCAR,medium,0.2,10,z,-0.0171125288248574,-6.845011529942978,1.0,0.2855502510555758,0.19355311468751468,4.358980757951737,500.0
RF,MCAR,medium,0.2,20,I(x1 * x2),-0.0767695075336399,-12.79491792227333,0.763,0.1888474889789744,0.23378188708234504,8.89941271328926,500.0
RF,MCAR,medium,0.2,20,I(x2 ** 2),0.02840559692795335,11.362238771181364,0.983,0.16353815484189277,0.2406568115520633,8.89941271328926,500.0
RF,MCAR,medium,0.2,20,I(x3 * z),0.00443096708428925,2.9539780561928692,1.0,0.2863173552489295,0.2083940537834057,8.89941271328926,500.0
RF,MCAR,medium,0.2,20,x1,-0.05827612129746985,-19.425373765823295,0.921,0.1758915148239501,0.2076198611323058,8.89941271328926,500.0
RF,MCAR,medium,0.2,20,x2,-0.02395276544022585,-7.984255146741969,0.998,0.1862453567480345,0.21313774249088854,8.89941271328926,500.0
RF,MCAR,medium,0.2,20,x3,0.04453163967410065,22.26581983705033,0.998,0.21344940334437174,0.202026853312433,8.89941271328926,500.0
RF,MCAR,medium,0.2,20,z,-0.017308392177180502,-6.923356870872221,1.0,0.284493134299025,0.19046250203091325,8.89941271328926,500.0
RF,MCAR,medium,0.3,10,I(x1 * x2),-0.09634758835467905,-16.05793139244652,0.5780000000000001,0.20368985833445785,0.31067396391290014,5.556548129081726,500.0
RF,MCAR,medium,0.3,10,I(x2 ** 2),0.0307733901393576,12.309356055743068,0.977,0.176518490770895,0.3171302220499831,5.556548129081726,500.0
RF,MCAR,medium,0.3,10,I(x3 * z),-0.01401208907832595,-9.34139271888398,1.0,0.307191670205884,0.282246710823576,5.556548129081726,500.0
RF,MCAR,medium,0.3,10,x1,-0.0613930538817586,-20.464351293919556,0.881,0.18780568878784298,0.27467465395005475,5.556548129081726,500.0
RF,MCAR,medium,0.3,10,x2,-0.0261562085559777,-8.718736185325923,0.995,0.19972451651263845,0.2847989343639503,5.556548129081726,500.0
RF,MCAR,medium,0.3,10,x3,0.04821466430713045,24.107332153565245,0.99,0.22800116827079914,0.2695684504034498,5.556548129081726,500.0
RF,MCAR,medium,0.3,10,z,-0.030869924925616653,-12.34796997024667,0.997,0.30251631961828285,0.25319596769666664,5.556548129081726,500.0
RF,MCAR,medium,0.3,20,I(x1 * x2),-0.09588189247866236,-15.98031541311039,0.579,0.20249135078436695,0.30765715687848294,11.097726994037629,500.0
RF,MCAR,medium,0.3,20,I(x2 ** 2),0.03046022560126025,12.184090240504108,0.978,0.17544548665736098,0.3147323443959084,11.097726994037629,500.0
RF,MCAR,medium,0.3,20,I(x3 * z),-0.0142672969378317,-9.511531291887849,1.0,0.30579397978470163,0.27975355205587915,11.097726994037629,500.0
RF,MCAR,medium,0.3,20,x1,-0.0611509517041111,-20.38365056803706,0.885,0.1869499335831857,0.27223384679829227,11.097726994037629,500.0
RF,MCAR,medium,0.3,20,x2,-0.0262824809059842,-8.760826968661412,0.991,0.1987395931662395,0.2820970253148063,11.097726994037629,500.0
RF,MCAR,medium,0.3,20,x3,0.0480000694878983,24.000034743949172,0.99,0.22725570185758787,0.2692017251024037,11.097726994037629,500.0
RF,MCAR,medium,0.3,20,z,-0.0311451788597511,-12.458071543900454,0.997,0.3018789727970941,0.2539690528851217,11.097726994037629,500.0
RF,MCAR,medium,0.5,10,I(x1 * x2),-0.141884624238313,-23.647437373052178,0.263,0.2325325858865211,0.417031779670374,8.150982461452482,500.0
RF,MCAR,medium,0.5,10,I(x2 ** 2),0.028114564838149753,11.245825935259925,0.953,0.2014586396225653,0.4222621659311168,8.150982461452482,500.0
RF,MCAR,medium,0.5,10,I(x3 * z),-0.042653002771269,-28.43533518084604,0.993,0.34532349072796664,0.37504685827712314,8.150982461452482,500.0
RF,MCAR,medium,0.5,10,x1,-0.0675844795770629,-22.528159859020978,0.847,0.21370268737050305,0.38288302696701504,8.150982461452482,500.0
RF,MCAR,medium,0.5,10,x2,-0.026158127426537947,-8.719375808845994,0.966,0.22662516544711284,0.38872682483752663,8.150982461452482,500.0
RF,MCAR,medium,0.5,10,x3,0.047210810088857746,23.6054050444289,0.977,0.25697276222721166,0.36777142033752885,8.150982461452482,500.0
RF,MCAR,medium,0.5,10,z,-0.06741927172303305,-26.96770868921324,0.973,0.34060342039469843,0.35320352511881925,8.150982461452482,500.0
RF,MCAR,medium,0.5,20,I(x1 * x2),-0.14243244549369644,-23.73874091561609,0.254,0.2310978319262575,0.41797880586635494,16.24711839389801,500.0
RF,MCAR,medium,0.5,20,I(x2 ** 2),0.02864537053922385,11.458148215689564,0.955,0.19985991615074375,0.42191899364059837,16.24711839389801,500.0
RF,MCAR,medium,0.5,20,I(x3 * z),-0.042152672290516155,-28.101781527010793,0.995,0.3432972284488348,0.37536256329288664,16.24711839389801,500.0
RF,MCAR,medium,0.5,20,x1,-0.06781715262139085,-22.605717540463633,0.837,0.21193668930653964,0.38070557952149275,16.24711839389801,500.0
RF,MCAR,medium,0.5,20,x2,-0.02605149779662525,-8.683832598875092,0.965,0.22444326840637246,0.3852579775678685,16.24711839389801,500.0
RF,MCAR,medium,0.5,20,x3,0.04682465869880755,23.41232934940379,0.982,0.25519578860716774,0.36727133419040664,16.24711839389801,500.0
RF,MCAR,medium,0.5,20,z,-0.0676238473870721,-27.049538954828854,0.981,0.33768321823233793,0.348877777197012,16.24711839389801,500.0
RF,MCAR,small,0.2,10,I(x1 * x2),-0.04765996359135005,-26.477757550750063,0.959,0.17845812879558431,0.18466319619692417,4.348057411670685,500.0
RF,MCAR,small,0.2,10,I(x2 ** 2),0.02141583711822555,28.554449490967485,0.999,0.1531020689812983,0.17783760568635448,4.348057411670685,500.0
RF,MCAR,small,0.2,10,I(x3 * z),0.01553140300165615,34.51422889256935,1.0,0.27483388081316784,0.1826383638582756,4.348057411670685,500.0
RF,MCAR,small,0.2,10,x1,-0.061097810999225496,-20.36593699974184,0.865,0.16892758748874825,0.18246221081673614,4.348057411670685,500.0
RF,MCAR,small,0.2,10,x2,-0.02111733482218735,-7.03911160739579,0.999,0.1779866066677389,0.18008176694839662,4.348057411670685,500.0
RF,MCAR,small,0.2,10,x3,0.0412554301589464,20.62771507947324,0.997,0.2049845132957578,0.17660724217082407,4.348057411670685,500.0
RF,MCAR,small,0.2,10,z,-0.01213921774384665,-4.8556870975386675,1.0,0.2754073863228106,0.17784610605295853,4.348057411670685,500.0
RF,MCAR,small,0.2,20,I(x1 * x2),-0.04762987106997845,-26.461039483321386,0.955,0.17751604578516056,0.17886131682603446,8.830774817466734,500.0
RF,MCAR,small,0.2,20,I(x2 ** 2),0.0214684649663266,28.62461995510221,0.998,0.15245608083344464,0.17323345203482005,8.830774817466734,500.0
RF,MCAR,small,0.2,20,I(x3 * z),0.0160044582367723,35.56546274838297,1.0,0.2735354112164836,0.17730958068363561,8.830774817466734,500.0
RF,MCAR,small,0.2,20,x1,-0.061005941273758454,-20.3353137579195,0.865,0.16825797922115035,0.17869224631799713,8.830774817466734,500.0
RF,MCAR,small,0.2,20,x2,-0.02120766133495225,-7.0692204449841025,0.999,0.17714675871887992,0.17498227703094626,8.830774817466734,500.0
RF,MCAR,small,0.2,20,x3,0.0408581777470148,20.429088873507418,0.997,0.20426237531125452,0.17325944894698206,8.830774817466734,500.0
RF,MCAR,small,0.2,20,z,-0.0121730082967576,-4.869203318703056,1.0,0.274256888301565,0.17323473305629272,8.830774817466734,500.0
RF,MCAR,small,0.3,10,I(x1 * x2),-0.05164565151534705,-28.6920286196373,0.9359999999999999,0.18631702410111906,0.24350565652197875,5.860348214149475,500.0
RF,MCAR,small,0.3,10,I(x2 ** 2),0.02089417173173035,27.85889564230718,0.996,0.16047840390997786,0.24249798291284846,5.860348214149475,500.0
RF,MCAR,small,0.3,10,I(x3 * z),0.0037824539306653,8.405453179256334,0.999,0.2872425496743096,0.2418752239972029,5.860348214149475,500.0
RF,MCAR,small,0.3,10,x1,-0.06433611215946619,-21.44537071982208,0.804,0.1764979475654238,0.24172364458015383,5.860348214149475,500.0
RF,MCAR,small,0.3,10,x2,-0.021882654301045752,-7.2942181003485995,0.998,0.1859345043265318,0.2393674522116763,5.860348214149475,500.0
RF,MCAR,small,0.3,10,x3,0.041940690539106054,20.970345269553064,0.983,0.2143935457321332,0.23783249579145485,5.860348214149475,500.0
RF,MCAR,small,0.3,10,z,-0.0225211351530036,-9.00845406120146,0.998,0.28706326379336045,0.2340186108668691,5.860348214149475,500.0
RF,MCAR,small,0.3,20,I(x1 * x2),-0.0516513952895247,-28.695219605291534,0.937,0.18556967103093705,0.2406504223654134,11.577342685937882,500.0
RF,MCAR,small,0.3,20,I(x2 ** 2),0.02090919962537935,27.878932833839233,0.998,0.15957127691411505,0.23726206886253337,11.577342685937882,500.0
RF,MCAR,small,0.3,20,I(x3 * z),0.00379736880361785,8.43859734137307,0.999,0.2859627034396629,0.238921109409399,11.577342685937882,500.0
RF,MCAR,small,0.3,20,x1,-0.0643669409627812,-21.455646987593752,0.815,0.17590984869596887,0.24006062399317651,11.577342685937882,500.0
RF,MCAR,small,0.3,20,x2,-0.0217275856639967,-7.242528554665574,0.997,0.185407586686676,0.23880630828349844,11.577342685937882,500.0
RF,MCAR,small,0.3,20,x3,0.041681073043625255,20.840536521812645,0.989,0.21351900299268928,0.234999900115847,11.577342685937882,500.0
RF,MCAR,small,0.3,20,z,-0.02250706858519365,-9.002827434077474,0.998,0.28624720911948714,0.23296339847972145,11.577342685937882,500.0
RF,MCAR,small,0.5,10,I(x1 * x2),-0.059193555220565255,-32.88530845586961,0.877,0.2041423172375753,0.34881953265883403,8.209482359170913,500.0
RF,MCAR,small,0.5,10,I(x2 ** 2),0.0151022257858869,20.136301047849255,0.978,0.17494432290848744,0.34177069653853487,8.209482359170913,500.0
RF,MCAR,small,0.5,10,I(x3 * z),-0.00990015249973355,-22.00033888829695,0.997,0.31262103920887374,0.3403087979871753,8.209482359170913,500.0
RF,MCAR,small,0.5,10,x1,-0.07186477031499014,-23.954923438330066,0.741,0.1930403979220462,0.3464271693107104,8.209482359170913,500.0
RF,MCAR,small,0.5,10,x2,-0.02017929931298535,-6.726433104328471,0.974,0.2039082832179177,0.34740638512833355,8.209482359170913,500.0
RF,MCAR,small,0.5,10,x3,0.0352790086894774,17.639504344738718,0.983,0.23335249485226928,0.33674668517744516,8.209482359170913,500.0
RF,MCAR,small,0.5,10,z,-0.054848106107341046,-21.939242442936433,0.976,0.3140138382017328,0.3388526885632829,8.209482359170913,500.0
RF,MCAR,small,0.5,20,I(x1 * x2),-0.05934793102173385,-32.97107278985217,0.886,0.20220886614702555,0.34466497388151,16.97728745174408,500.0
RF,MCAR,small,0.5,20,I(x2 ** 2),0.01533222977052625,20.442973027368353,0.983,0.17361110767864896,0.3395578948875688,16.97728745174408,500.0
RF,MCAR,small,0.5,20,I(x3 * z),-0.009243021793380001,-20.54004842973353,0.998,0.31139116007315715,0.3424636634805329,16.97728745174408,500.0
RF,MCAR,small,0.5,20,x1,-0.07205529688804921,-24.01843229601642,0.727,0.19168845860723238,0.34434607769295106,16.97728745174408,500.0
RF,MCAR,small,0.5,20,x2,-0.020023144734614,-6.674381578204688,0.973,0.20234719213300295,0.34471065300142767,16.97728745174408,500.0
RF,MCAR,small,0.5,20,x3,0.03497362007936095,17.486810039680492,0.981,0.23209216226870924,0.3364300236603588,16.97728745174408,500.0
RF,MCAR,small,0.5,20,z,-0.05543527030907895,-22.174108123631598,0.977,0.31104754194196926,0.334104324789643,16.97728745174408,500.0
