y,x1,x2,x3,z,cat
1.1194368644518595,0.30471707975443135,-0.059282646025932216,-0.4519509798535085,1,C
-0.6617879522234671,-1.0399841062404955,-0.7292869363736615,-0.6658777111204364,0,C
-0.4902044205961671,0.7504511958064572,-0.4144730658358585,0.43400982345010697,0,C
-2.0516965913845637,0.9405647163912139,0.6339103777337424,0.25185441529500513,0,C
1.8185593824257344,-1.9510351886538364,0.002993291199955732,-1.4047915476103274,0,C
1.2092254441255545,-1.302179506862318,0.34020997686833787,1.1226782545637386,1,B
0.6528919256975897,0.12784040316728537,0.6700792422021898,-0.09419457535083331,1,B
-2.8075156343933836,-0.3162425923435822,-0.3748414628976096,-1.1109310952157205,0,B
1.068481441285461,-0.016801157504288795,0.7562481636298061,1.188784114353874,0,A
-0.9212144490644052,-0.85304392757358,0.37884260345839443,0.625675571596154,0,A
-1.0228823736686379,0.8793979748628286,-1.2348130869114786,-1.2645419919479142,0,A
2.5202755241702652,0.7777919354289483,1.4423047911862443,1.7771828402577243,1,B
0.20307482727828008,0.06603069756121605,-0.5007447437569161,0.6587973683661927,0,C
-1.3002972049031825,1.1272412069680329,-1.6550953431851838,-0.010196115625046132,1,C
0.11918529212405105,0.4675093422520456,-1.0450437095863023,1.5902188056217794,1,B
-0.15640567508170722,-0.8592924628832382,-1.021045160678322,0.15929778382964058,1,A
0.25619569055483493,0.36875078408249884,0.05217331865753347,-0.02808307510403198,1,B
-2.3782231693831752,-0.9588826008289989,-0.2738505055462372,-0.660300116021989,0,B
-0.7564678345627585,0.8784503013072725,-0.33683196764059287,0.5818504393070786,0,C
0.6457867618578502,-0.049925910986252896,0.6197019654824789,0.4766029673239799,0,C
0.26922635128875033,-0.18486236354526056,0.3398753611927038,0.014680139889711287,1,C
-0.8862267356264493,-0.6809295444039414,0.31604787064428624,-0.789986353867603,1,C
0.5267284600703468,1.2225413386740303,0.40982845732869266,0.12992985416607386,0,C
-2.737913223970772,-0.15452948206880215,0.6161346680022383,-0.06979878576213788,0,B
-1.4739443679574404,-0.4283278221631072,-2.107953341777443,-1.333474318734201,0,A
-0.8795324656445602,-0.3521335504882296,-0.3644382522644612,-1.4718123513241856,1,A
0.44268663839521016,0.5323091855533487,-2.180210064489474,0.5651533788097695,1,B
0.41173534214095975,0.36544406436407834,0.03605992679779541,-2.601888315051689,1,A
1.5402768054647802,0.4127326115959884,-0.00463297222434532,0.20541052696125997,1,A
-0.7097723039699624,0.43082100300788273,1.0455322747896802,-0.4780830577538245,0,C
2.0970162567869384,2.1416476008704612,1.1876343927211208,1.3082466068799101,1,A
0.611164768718704,-0.4064150163846156,0.20277504825236733,-0.49346820915387574,1,C
-1.4736294910161454,-0.5122427290715373,-0.5003610773968998,0.659484214251896,0,C
1.3215558198776072,-0.8137727282478777,0.48516111254573785,-0.3969138412377916,1,B
-0.8968234229072195,0.6159794225754956,-0.5279176373243135,0.11374815348614345,0,B
2.0583163050537014,1.1289722927208916,-0.001392651443348899,0.7368365309200512,1,B
0.7179474926006993,-0.11394745765487507,0.9861363169607678,-0.46255571632458015,1,B
0.3055694123431724,-0.840156476962528,-0.5577713459894236,0.996554884498404,1,A
0.21062774203546591,-0.8244812156912396,0.8056786392425009,-0.9936978771064832,1,C
1.80504369686704,0.6505927878247011,0.6774013686923024,0.2945928425583791,0,B
-1.1893008231637388,0.7432541712034423,-0.9547918171308215,0.9226397227878528,1,A
0.33676981399676686,0.543154268305195,0.973894128217401,0.6600374917903349,1,C
-0.45307647561148867,-0.6655097072886943,0.6985663453715051,1.9164448767354103,1,B
-0.29403058394397463,0.23216132306671977,0.10192588737265744,-0.7634393173106605,1,B
0.05257528983033355,0.11668580914072822,-0.7623234580276522,-1.379149251348588,0,B
0.9364562944666921,0.21868859672901295,-0.85920601857557,-0.9943351084951194,1,A
0.8361056341449236,0.8714287779481898,-0.5376625769030224,0.660442566548437,1,B
1.1101226803996458,0.22359554877468227,0.54259446329196,0.4979229342693786,0,A
-0.012821483924769277,0.6789135630718949,-0.9556251674013979,0.10225665964741577,0,A
-0.7157962236268062,0.06757906948889146,0.4375122486198699,-1.12295704910713,1,A
0.09092604532021314,0.28911939868998415,-1.2417555288783926,0.7668672933290608,1,B
0.3387696267690168,0.6312882258385404,-0.20406858443884895,-1.2247047776505404,1,B
-2.034847071499097,-1.4571558198556664,0.10964775457400863,1.1589495823768998,0,B
1.8876082918942916,-0.31967121635730134,2.4451301450589167,2.857438423139865,1,A
-0.24637007592487947,-0.4703726542927955,-1.3773156555203674,0.3664511465715505,0,A
-1.4851893342585054,-0.6388778482433419,1.4720145664901334,0.5831081356577431,1,B
-1.7876879001902908,-0.27514225122668373,0.14984241398728004,-0.4928597688955594,0,A
2.0804288067510157,1.4949413112343959,0.41117191801596314,-1.8102133210868163,1,B
-0.21741036953749615,-0.8658311156932432,0.11834791338820451,-0.6027193630302223,1,C
1.5319863423897728,0.9682783545914808,0.444726818195233,-1.0928952410987494,1,B
1.5368600173254823,-1.6828697716158048,-0.15368510436201774,-1.4470045764150157,1,C
-0.5907313035649243,-0.33488502998577485,1.4540501814574582,1.7223599419956492,0,A
-1.1950801747069455,0.1627530651050056,-0.4564711442247224,0.272862518025773,1,A
2.046928404492227,0.5862223313592781,1.1322345721792477,0.37968758061398367,1,C
-0.2591571160371253,0.711226579792855,-0.6443671202130229,-0.30902236519624954,0,C
-0.618564044682307,0.7933472351999252,-0.06025184640128695,-0.17287108244343635,1,C
-0.9172366035599939,-0.3487250722484376,-1.0719625522902192,0.9645506822393334,1,A
0.1007747397902169,-0.46235179266456716,0.4550237203475199,-0.03233711869521544,1,C
0.5428777079524658,0.8579758812571538,1.4451259569265338,0.5306939380247327,1,B
0.6105697032055545,-0.1913043248816149,-0.07735617982085408,-0.19600429784501586,0,B
-1.0369533383652798,-1.2756863233379219,-0.19688569870390954,-0.3421528907320472,1,A
1.0444102731772569,-1.1332872140034806,-1.1146169630679268,-1.406914165601862,0,C
-1.1408022141096126,-0.9194522860016113,-0.2292926535523081,-1.977749062367128,0,A
-1.8220812137739353,0.49716074405376404,-1.5927942597215277,-0.2615619010664018,0,C
-0.5321973359531813,0.14242573607056525,-0.9128779867188273,0.05649669199323269,0,B
-3.1585996480443184,0.6904853540677682,0.22678604610913541,-1.286130036708791,0,C
0.7316667328097524,-0.42725264633653426,1.3190131977413961,-0.03447486503463288,1,C
0.6041247342984356,0.15853969107671423,2.809210861229503,0.053752562990502024,0,C
0.40524273800502264,0.6255903939673367,-0.5865850850709007,-2.156008006059379,0,A
-1.7315437748017193,-0.3093465397202384,1.43530015664544,-0.9151246594795012,0,A
2.0688976450442884,0.45677523755741145,0.2437524804016479,0.4072638937354685,1,B
0.12451821167957566,-0.6619259410666513,-0.15124764674637586,0.3870587293957439,0,B
1.0421707619670346,-0.3630538465650718,0.4325944517261522,-1.1536749163997606,0,A
0.13302181100029864,-0.3817378939983291,0.06191648367995918,0.15844805049973495,1,A
-0.06392661328942828,-1.1958396455890397,0.11039572561221853,1.0224072253604721,0,B
-1.0422376477210518,0.4869724807855818,-0.4083331628266692,0.7770729589908982,1,A
0.13373680780127384,-0.46940234020272387,-1.3981096597988507,-0.09528578701393456,0,A
-1.334092644885272,0.01249411872768743,-1.5436252025220816,-0.4679763133242924,0,C
-1.0524759395089691,0.48074665890590895,0.653244883281227,-0.6293444843345044,0,B
-1.0868521766231154,0.4465311760299441,-0.2767000900857134,0.4678197829096571,1,C
-0.4669672911253949,0.6653851089727862,-0.5960888996561666,0.19510397314288802,0,C
-0.47541236433304435,-0.09848548450942361,0.008505626723153567,0.6294040061022004,1,A
0.8525771262167955,-0.42329831204415375,0.7949322529156275,0.13187381312115198,0,C
-1.4280656140236485,-0.07971821090639905,0.1803639430263982,0.8187639503474419,1,B
-4.161063395370444,-1.6873344339580298,-0.6560549366409674,0.09459253295770016,0,B
1.4630793223376721,-1.4471124724230873,1.2262929556489497,0.7846887161316864,0,A
1.154910450662931,-1.3226996123544024,1.579185502981632,0.8708227703666389,0,A
-1.1110092136423588,-0.9972468276014818,0.4945566553228533,-0.8045266302248135,1,A
0.3672222499543186,0.3997742267234366,0.9736635113440901,-1.808144046870746,0,B
2.4035331581284085,-0.9054790553600608,1.241959996813811,1.5434928560145533,1,C
0.6435833399110832,-0.3781625540393897,1.1300993164045137,0.2566587307122617,1,B
-0.4100584786749918,1.2992282977860654,0.6140991771126236,-1.7144858954961215,1,C
1.3100262815220327,-0.35626397106142593,0.5983470470748828,-0.7138194972187111,0,C
0.6408276805904913,0.7375155684670865,0.5196605733465026,0.7718742923698284,1,B
-0.38404352392902597,-0.933617680009877,-1.0973376745470436,-0.279676831132893,1,A
0.4426748038354737,-0.20543755786763002,0.7007231568595857,-0.5120614193191271,1,C
-1.194354127348055,-0.9500220549105812,-1.355813971126554,1.4008818603129667,1,B
-0.6893527000051993,-0.3390330759005625,-0.7945994551250549,-1.0472871463838105,1,A
1.4786460378230855,0.8403081374573955,1.3035650678080875,-0.7981533577548339,1,B
1.442411051399615,-1.7273204231923487,0.8402201626941975,0.21138647504826755,1,C
-0.39379007615423334,0.43442364354585733,1.4873982896858626,0.39045493205388226,0,A
1.3310713642279117,0.2377356023322779,-0.27167438368729224,0.4963430343407315,1,B
-1.3180572379445374,-0.5941499556967944,-1.1522488412767675,0.9112380445689469,0,A
-0.43446623584850974,-1.4460578543884546,-0.24043719707034283,0.19857862068151685,1,A
0.10484455655396346,0.07212950771386951,0.1020312972405742,0.48938393893840915,1,A
0.5947047302301033,-0.5294927090638024,0.07898871634000969,-0.2592092593150832,0,C
-1.8827982416203315,0.23267621135470395,1.1336804787567016,0.06269830323671424,0,C
0.8105911670961843,0.02185214552344288,-0.36127042500344553,0.10753418005363442,0,A
-0.04782671151120499,1.6017788913209154,0.35203447180292424,0.21509813581903608,0,A
1.0060764232213173,-0.23935562747302427,-0.9886271494346061,0.7725398075827608,0,A
-0.2890898525006037,-1.023497492621865,0.450317278043813,0.555145681944831,1,A
0.4081355783536649,0.17927563495631615,0.003108550185636745,0.0442170029001831,1,B
2.019013193963802,0.21999668397176517,-0.7498133382845175,-0.8091259849410398,1,B
1.160553566930898,1.3591875752404365,-0.2358293621748528,0.06767125806270954,0,B
2.34661597424578,0.8351112459145785,-0.18417574651522164,-0.028017784895743934,1,B
0.3891930277905312,0.35687105914950934,-0.2701551293370962,0.19318157981319836,0,B
2.0771171317677437,1.4633028912195618,1.7713412422676835,2.206525307140402,1,A
-0.42095868328609176,-1.188763054322851,-0.09844600230787963,-0.5237727785412354,0,A
1.1790163634468684,-0.6397515327497477,-0.24389611017733773,0.42228901912535954,0,C
-0.6377865159844716,-0.9265759414055249,-2.0974509576101417,1.0684620672442982,0,C
-0.787805444215268,-0.38980980315576796,-0.8942073519794773,0.09800191409938289,1,C
0.4384138798986599,-1.3766861475563088,-0.26307342445635284,2.337845119172165,0,C
0.7670127566206477,0.6351509468144043,-0.6858526761766428,-0.3780392917314767,1,B
0.6196226854764058,-0.22222269709877338,1.381707593377797,0.32408922232004705,1,C
-0.866854529079209,-1.4708062945026579,-0.16493777539621862,-0.798805744892982,1,B
1.3162863032260745,-1.0155790812075416,1.2884442493182524,-0.35152473514329313,0,A
-0.813486010705508,0.3135138474501953,0.061704634050368024,0.2489339103966579,0,A
-0.3020816578575993,0.8381265678943811,0.037227836421576635,0.8463040623077297,0,A
-0.8000401183143534,1.9967308916917865,-0.08879644771250095,0.3190948340235742,0,A
5.738583548720552,2.9138624660073296,0.0037962516214591325,1.259114849334736,1,B
0.594110221280252,0.4144094332759964,1.7187950030498593,-0.09496531059267174,0,C
0.21225445607434335,-0.9895381200318641,-2.3196107267512183,-0.33216852983900536,0,C
-3.7451259957112146,-2.132046280731309,-2.001545744438679,2.7039851072793866,0,B
0.24503973026784812,0.2677114623438358,-0.5431708310561139,0.39423764944203077,1,A
0.7761805874538095,-0.812941095310326,0.014527881937568883,-0.7194815459785476,0,C
-0.391472101752489,-0.41535726017968533,0.6901044247640123,-0.6942637622480688,1,B
0.8454667616104266,-0.6120967990598081,0.4730871980274752,-0.9426799145313405,0,A
2.591633957025101,-0.14079088641638526,-0.3842459128805702,0.9365693558567879,1,A
0.7083530761663366,1.0659802307876436,1.0190436932417624,-0.36437729289324183,1,B
-0.6404415596659769,0.15704856744534462,1.030195403152731,0.12736247565648562,0,A
-0.7559230325154166,-0.1586348370386883,0.18405783127156553,-0.06350867443826871,0,C
2.559121789763636,-1.0356537528258116,0.9626575724868413,0.7314924079409346,0,C
-0.8873511616922736,-1.674682944704357,0.2726452634321288,-0.8467440928840201,0,B
-0.664979555779116,-0.4863079090733309,-0.5614830267828836,-1.0755722861430155,0,A
0.5676554529463549,-0.05378255081832049,0.6978168390000047,0.22429730718159427,1,C
1.5315550724547329,1.767929913579883,0.11061312257867771,0.600959284699897,1,B
0.996017930830924,0.13027452147288585,0.001339846754486929,0.33253231309764075,0,A
1.2311069638542165,0.9827395110230576,1.4729535721895743,-0.8094537290973276,1,B
-1.4090663679918138,-0.49929559853915206,-2.4508721285400865,0.6774848420913938,0,B
-1.0187258079964683,-1.1849437664170246,-1.4176841701595697,-0.7438609270956342,1,B
-0.9379588236225205,-0.9651167622323719,-1.18707042637437,-0.5215386447863833,0,A
-1.080483563702217,-0.7252260645357532,-0.3632606475688056,-0.9439535247220022,1,B
1.0829653440602216,2.1284697324351645,-0.2546081697660301,1.3011583486520308,1,A
0.22342602389931643,-0.8213866792243861,-1.5073256477730475,0.6334215410273492,0,A
1.7234911020472634,0.838489203736345,-0.9851580323108263,0.6049933756788733,0,A
1.0281396019610143,-0.9029271780870264,-0.8608416785235702,1.2472114211424503,0,C
2.6325432047570523,0.9315730128742441,2.457424092075892,2.8126492482387233,1,A
0.6722693641574378,0.38495096610586316,1.8017419477471466,-1.7092261039101555,1,B
-0.9012996920734329,-0.1566378976580904,-0.4117494176846493,-0.7383765808771081,1,B
0.6920574913758877,-0.040762526135434025,-0.3635832903067989,-0.6161750841745238,1,C
-0.8139507640047849,-0.6547876954293904,-1.1492039971882941,-0.8508196223826928,1,B
-2.433620522979112,0.44607220148208054,-1.9081304132252668,-1.0775832476037126,0,C
-0.30955933626146237,-0.45498348034078,-0.11688018640852403,-0.2996530640553656,1,A
-0.7432550906428167,-1.2256057637672482,-0.9978519832440257,-1.216603715289405,1,A
-1.8746358847711804,-1.2779375743196193,-0.08485053166200977,0.3350423675374132,0,B
1.4518602136091385,0.17258791772211948,-1.6002058490434774,0.051698321428614635,1,B
-0.44209319584334716,1.579091256410435,-0.7619744583102578,0.4810286647636553,0,C
1.4393129300204286,0.15999161357343825,0.14862709530283086,0.5077284516382525,0,C
0.6133873529518052,-0.11863832610988256,0.3662095977839374,0.6030068534266765,1,B
-0.010965433118365897,0.2858261396025429,0.41747195874201454,-0.3734089368238823,0,C
0.5280860835468804,1.3060017417068248,-1.3204889841570373,2.1211434026336673,0,B
0.38103622594281167,0.21938250136385634,0.8546857301355617,0.23443111648209775,0,A
-0.8015264877471848,-0.41092723083373717,-0.8002116966018503,-1.862484752624795,1,B
-0.7958450457873181,1.1062887100598888,0.6328579146073064,-1.0023757457662175,1,A
-1.1051978897922228,0.4287564384616135,-0.010638676618193147,-1.7405029890278156,0,C
-0.27200512481068767,1.535755991995992,-1.3763874990779479,0.01733462915130733,0,A
0.4958170688147951,0.18323443722190613,-0.31619770458118795,-0.12180522405333363,0,B
-0.6196418398676056,-1.2244690317205003,0.3653637420637676,-0.4684256978994578,1,B
-0.40569140511642177,-1.368159199245665,0.612965380474599,2.010926112400514,0,A
1.2816481877933164,1.6509279322312496,-0.14098789744441861,0.5489828740769108,1,A
2.5687067029826927,1.723665720783297,1.5317788906010528,0.7260983614463344,1,B
-2.80743725513219,-0.17951921328260065,1.007510770986559,-0.9310734879421032,0,A
-0.9330332983872571,-0.38318732113598775,-0.25665411639975283,-0.9991448913310123,1,B
3.168975005069275,1.4614442922422022,0.7501218121369445,0.03680549909695475,1,B
-1.149179987753825,-1.107045682043488,1.9337934851881868,0.17300713965222583,1,A
0.061156161540808954,-0.8947270189558264,1.960484600783027,-1.856311567114457,0,A
1.1091364480241088,0.6433267946890444,-1.2279998808224974,-0.18030702284953407,1,C
-0.5884559083531302,-0.3946051228595896,-0.9265331111571506,0.014072082873504806,1,C
0.653058323277594,-0.005121866720071296,1.484918786733851,-0.21514916577112894,1,A
-1.4524572056862914,-0.16344289852451258,-1.0582810508376372,-0.8133904123466764,1,C
1.4938937689706673,0.33757454879893356,-1.322541133291679,-0.53953518192114,0,B
1.533667342524201,1.4074818613137168,-0.4861941306990469,-0.17685919357279603,1,B
0.3955624069075306,0.09058490690174555,0.42022670947458574,0.09080002361004777,1,C
1.122570373393978,0.6439387932768579,-0.10239670661109637,0.604791582550568,0,C
1.7075666000294891,-2.0501721010310225,-0.6505636204055921,1.0808562049508712,0,C
-1.1903522578426722,-0.04871840193011795,-0.674212461724509,-0.2943477235272498,0,B
-1.6297635799563583,-0.8432302702928711,-0.7123370644127087,-0.45615619611535785,1,B
-1.0220848158335138,-1.218813060423628,-0.8795096286589426,0.43765567353430623,0,B
0.16909208132342413,-0.8781523669287508,2.2816328772760617,0.6108449164108543,1,A
-2.482365862187531,-0.33412344070081207,0.2975110711855549,-0.4342004332588856,0,B
0.6456363757823821,0.9159025423560131,0.8867590544047386,0.7903934769661722,0,A
-1.5789366486511611,-1.326392717739564,-0.4890774681189237,0.9795853411559731,1,A
1.828021491317971,0.030631492594417446,-0.18595667718604886,1.291686465658673,0,A
0.4231347946959371,-0.4841694333335785,-0.713553981370355,1.7783209067198225,1,A
-2.2344111887493807,-0.32767309436196085,-2.651708334919202,-0.8664161386594389,0,B
0.24377805198475333,1.0027578253046041,-1.3780092768478662,0.01389820933251119,1,B
-1.8384006718399881,0.5381154370039261,-1.8106186799803947,0.011277696618660139,0,B
-1.1427923016396644,1.3373981074427437,-2.2497837779516074,-0.0980735685325076,1,A
0.6079066791543506,-0.15450567924990047,-1.1953589742981028,-0.6492629196101362,1,B
1.5666235758228932,-0.695942611670703,1.3249556793816308,-1.4855620032310715,0,B
0.8435309605337027,-0.22385881688049952,-0.04443616770435442,0.0926794460290038,0,C
0.4082019285640842,0.2424967912712216,1.290563762321174,-0.7683556595479125,0,B
0.15276478786495307,0.17657335845371103,0.4109825769008753,0.085993480747625,1,B
-1.8233637536582883,-1.0843880722333665,0.7825588257151592,-0.7940435416988534,1,B
1.5243202407655625,0.09048978162787422,-0.9008969953045751,-1.0996583458443414,0,C
-0.09881790860064668,0.22822833013890514,0.5239509541926708,0.2342983603768977,0,C
5.3836498469334195,2.5174740375339204,0.7287142340743459,0.15092152680649595,1,B
3.6509107886139773,1.8768446112816701,-0.5766472922336929,0.579281971320933,1,B
-1.1417345720455447,-0.8532433505588201,0.5595403706161663,2.1858637664176253,1,A
-0.2969464811700845,-0.2873833615491761,0.5661877585748329,0.2772895312108468,0,C
-2.0966807591207246,-1.4634420018370031,-0.5495526211300829,0.4850817670641296,1,B
-0.5594012637495489,-0.5907070139634865,-1.122768432270995,-1.0775613288673254,1,A
-0.8307367425856802,0.3156050035903405,-1.1841283318982723,-1.2869074405363745,0,C
2.7358298368851313,1.2058536208882336,0.08650554192146179,1.5828294467733337,0,C
-1.3825460211477076,-0.7290838377436085,0.3270098687893148,-0.9234797799333037,0,A
-0.16382055978705176,-0.6541464400677965,-0.7925258304579145,-1.043944071468642,1,A
-0.02752314829927438,-2.147289029738655,0.02658534132609864,-0.03909892121655298,0,A
0.22261811109747331,-0.16266592054490767,0.5705370361384854,-0.09019241337738836,1,B
0.04641216733442104,-1.062414411859563,0.6181907146653008,-0.9025065064432917,1,A
-0.12551978832942368,-0.5294394273660737,1.5518801201224885,-0.3049732187131,1,C
1.4238859768759098,-0.8768607781675882,1.2769808321980434,1.2293757176501043,1,C
-0.05387596509676351,-0.09426255425255699,-1.001291432756544,-0.8059936088317976,0,B
-1.1295592802329932,-1.7577283913566313,1.6835862095380225,-1.3936724843661716,1,B
0.1593131031080383,-1.4670452453909906,-0.5309765045557148,0.9425936208997923,0,A
2.713303260368657,2.129247112028298,1.0448728124544275,0.4922969119380367,1,A
1.7269700962369519,-1.287422581274031,0.06798662605108885,-0.6205186206486616,1,C
-0.44781927680142886,-1.0967855784546396,-0.4121493784569676,-1.582167016126918,1,A
-1.0619180226070761,1.836913528321314,-1.8076968597749328,-0.7446233564385631,1,A
2.5331583710185694,2.905067169240407,-0.1715645102163482,-0.05470443684927131,0,B
-0.5557816931799366,-1.1715666288253417,-1.559383235305609,1.165672089883819,1,A
0.180145354653514,-0.36824895678803055,0.9672992358427723,-1.036581974869657,1,B
0.039023283869829894,0.34155555094050954,1.516792657139248,-0.08451988151147344,1,C
-1.9041263861971753,1.7286976444055924,-0.7969109892966902,0.675144659894898,0,C
-2.659403720660001,-0.9868570784282374,0.30197074251927114,-2.3812673401219207,0,B
-1.2893990590990887,-0.24527784594210975,-0.7253915220079754,1.0337861679388998,1,C
0.1950850964110252,0.777337576061744,-0.6284847301367896,-1.1824505722064373,0,B
-1.138300969452616,0.43476607446661863,0.7744947038653713,0.3319954934569346,1,C
-1.1265222111413764,-0.37615607123009925,-0.03853826184341251,0.24668314961074406,1,B
0.5547629286729576,-0.13382296451604114,1.7396480419310116,1.084586391463845,1,A
-0.6829542726386111,-1.3748958083699818,-0.482232478702921,0.5509243808935403,0,C
0.3826428667026479,-0.23817374397466523,0.9993363324744892,-2.377290491729981,1,A
0.5325749910591371,-0.2663874900089551,0.09741341295778198,-0.7847792471559913,0,A
-0.2134016240935958,0.23216988962625595,0.7957780097442332,0.13820512935328008,0,A
-0.9710305227338609,-0.555327218819016,-0.4471576573299467,-0.19497988611978695,1,B
1.1367766396246095,0.471538522545139,-0.04955883755158271,0.47761072975677044,0,B
0.5232159497113932,1.0127158178198286,-0.11549887929893475,0.7893665556697054,0,B
-0.9895753625993284,0.15542932766846604,-0.8360571148457872,0.6084517364296791,0,C
1.7077948725696843,0.35175640839920347,0.6620815345817527,-0.21427494255446522,1,A
1.0184659204978543,0.053155347577867364,0.6502490055783642,-1.8463370111204804,1,B
0.6886129934451817,8.439309141418043e-05,0.5935546949055667,-0.4554812488548173,0,B
1.8307869639686012,-0.7215580335428474,1.5369656539176446,0.4163681481389552,0,C
-1.415616457004575,0.316494261673308,1.4493448012363035,-1.0904472525504776,1,A
1.338421106338635,-0.09728659841348947,-0.37494468984913537,0.6312747301215763,0,A
3.2381416113911112,2.093168308930595,0.37305231843417824,0.9083932972673044,1,B
2.8297649652102064,1.5733549024752425,-0.6236006892582127,0.12686697629584257,1,B
-0.16151087559000032,0.3858465525565008,0.023355316114555456,-3.063779866312396,1,C
-0.9759806132621082,-0.7630572096947675,-0.5997494491188647,-1.2780883627118034,1,B
1.394155448081686,-1.112411471983418,1.620070309136051,1.8861891585560817,1,C
1.9272035117811703,1.191142953088865,0.3636981503429628,-0.546537793028378,1,B
-0.6951605244175364,0.2627492251471385,-0.21802912810442213,-1.984143223128996,0,A
1.617054170301563,0.4801434033916108,1.193618571856377,1.2352473883102724,0,A
-2.508345945274347,-1.7445859869741926,-2.1706154097954116,0.013355591543672855,1,A
0.09536378725167938,0.9274384815581808,-2.0141025948652898,1.1049404889577255,0,B
3.0888289521222507,0.45442033821436295,0.7958386552197739,0.2769586752193653,1,B
-1.4877018547506742,-1.110430684414478,0.06046844811736806,0.4585591362121688,1,B
-0.35962527163729036,-0.47152480744994896,0.25044630026076065,0.3630092477145166,1,B
-0.8509131771692693,0.2637172043565196,-1.3263961033185487,0.697488311921,0,B
0.8420751275338016,0.05246679835624363,-0.023233710850366202,2.2774304485560983,0,B
-0.012399104213865253,-0.292171185803555,2.003509410401342,0.9710063359591881,1,B
-0.36825600730995517,-0.10348826806596086,0.8241996197958629,-1.580339317845535,0,B
0.9619356866061209,-0.25197737820688537,0.1697065451428121,0.4466615152789034,1,B
-0.18436467491293818,0.15256251210246857,-0.43905391010493766,1.1414807681032177,1,B
2.7794205953041047,1.471491972993157,-0.39457285186939384,1.202700806536146,1,B
-2.475175332835896,-2.5666584409312976,-2.1291978892000176,-0.42660498305909955,1,B
1.1047018190726148,-0.23685026450968424,0.2576404209211606,1.1649444451881277,0,B
0.7738980708825292,0.17651242137244696,0.8454831084818539,0.9277423995512052,0,B
3.8586701548753566,0.2959939896870995,-1.5756193271706151,2.57251743696973,1,B
0.5945339072039478,-0.37191458132128985,-0.661416892306816,-0.7500017362485115,0,A
-2.056235841269726,-1.7567217824785826,-1.157464632233422,-0.5074005764004252,0,B
-1.3907513240734097,0.32799548371410964,-0.9653511948087635,-0.3061190484599539,0,C
0.3391459964139295,1.727350214164185,0.05348162682190022,-0.4902221500387753,0,A
1.6399328829088402,-1.5338614049161376,-2.0844021549884744,-0.890020749763603,1,C
1.6004290501080958,0.8638280136981883,0.614270438357064,-2.762675505673743,0,A
1.5061679812405238,-0.3285252231228939,0.7538550699336822,-0.4346994737231341,1,B
0.7162763618467947,-0.0613243458288473,-0.2511025880369125,0.36935805969990443,0,B
-2.1643866816033013,-1.052898510703949,-2.4807085099845416,-0.4932218455059107,1,A
0.7425405529087135,-0.33445617235587666,-0.9964186260023896,1.9353811835291097,0,C
0.8111924188898381,1.3000445946989585,1.2329019341026966,0.013375812715862578,1,B
-2.3539912875563567,0.582655241987707,-2.7779942807285725,1.2910290551841355,0,C
0.9568792250881597,1.732311605409944,-0.34752341219351923,0.26142041272996835,1,A
-0.25422526878062257,1.1774118889776937,-1.180000778467259,0.826407309893258,0,C
0.98105316027818,0.4390866789295762,0.8045703015848366,0.27924155393356226,0,C
2.486686959908339,1.743934526167792,-0.6751139521434614,1.3687846319035628,0,B
1.0456580096114014,0.43899315873829875,0.40395402073561154,0.05593935013240072,1,A
0.4449966768528735,0.8279881767970589,0.5654604191690931,0.4961207080887857,1,B
0.19292960507616913,-0.29657095353470836,1.83622583973002,0.3663329336500437,0,B
-1.658929368292165,0.06654581585920483,-0.20294194367537022,-0.2882854581273188,0,C
-2.3267255603587813,-0.6974238233002769,0.37604436962261134,0.4049823189246768,1,B
1.2888784957228356,0.989583934594853,-1.485055479127436,2.234386246197682,1,A
-0.8035708001563836,-1.1783036231148656,1.190413563293744,-0.270396942095442,0,A
1.8388242029517214,0.7823503424176613,-0.7605088480713647,0.4194648928532483,1,B
1.5370026475801832,-0.19065105750515945,-0.5607541640877456,1.2577789508694428,1,C
0.20343312115109102,1.1712470934673194,-0.022247794849210738,1.1402532809442802,1,A
-0.2516454198684127,0.7508689887312598,-1.5628843453398495,0.011716417719365251,0,C
-1.9795265393498336,1.8206461576468016,0.228770028928938,-2.3833887029573617,0,C
-1.233066021678034,0.7307746911386448,0.9674662729250108,0.5167028186484662,0,A
-0.4543173769289369,-1.5720402556532407,0.2929338234972916,-2.2194742586230527,1,A
-0.727204192969153,-0.06695317289820084,-1.588897564178725,1.469937230941231,0,B
-1.4825449365016752,-1.172007192594816,-0.12380929432965958,0.16947387119326057,1,B
2.492402640003888,-0.5182798423662747,0.7420289029794906,0.999674019871989,1,A
-2.775290056797015,1.5112284332767216,-1.8779887659659078,-0.9021111381810512,1,C
0.45122702855361163,0.637533810897696,-1.074766013817714,-1.5525074733000543,0,B
-0.33022806480268885,-0.6989304285787463,0.87654360408152,0.2607543841411672,0,C
1.4894280347554814,-1.013717366440399,0.27009543419728654,-0.03360343995614198,0,C
0.5573234991435283,0.03278209287626079,0.41197158212675383,-0.4915408261571657,1,C
-0.13409111670508073,-1.2165601493811278,1.8594948076233115,0.08466128073276377,1,B
-0.4521786888629214,-0.6711402773965811,0.4685527785062026,2.76743589203226,0,A
0.19189401802181028,0.31200947155124387,0.6578880104331793,0.8345255473690577,1,B
2.2969674975160563,1.1553120361066962,2.710745527218326,1.049498605863319,0,A
2.5450813520579705,0.6087614722244398,-0.2138045580904907,0.8439368915533556,0,B
-0.1505514356703529,-2.2912895085981,-0.7978827636184951,1.4794621438521929,0,A
-0.22229273394415616,0.3043667290302598,0.4277963982471327,-0.1900716729007449,1,B
0.08129364171345133,0.07203357323257792,0.4389910293888949,-2.0547613076752937,0,A
2.355907285764353,0.41389028537269307,-0.5267153919462082,-0.1885861330060098,0,A
0.68991375134712,1.6162096816512073,-1.0323970195548475,0.8117357099965018,1,A
-0.05872799748760915,-2.063238276804743,2.309844422090078,-0.9698003951150737,1,B
-0.3819978022246184,-0.5911034251911056,0.3268434703880229,-0.17636595048933035,0,C
-0.22285371781946572,0.5909063227933546,-0.7322853814020757,-0.6917697430023131,0,A
2.2355473469050198,-1.5815943994539423,0.9159303022795986,1.5020292518431304,1,C
-0.22349835815097802,1.475949048053509,-0.1091451515613345,0.7494570154065637,0,C
-0.3067527159069941,0.3683566127006584,-0.25288144631783127,0.651540620643959,0,B
0.6647270514956869,0.846583985843404,0.5622728719144933,0.6216013131209713,1,B
-0.03476815555124779,-0.5709436615217945,-1.29188226823169,-0.037249252552126945,0,B
1.8309793373206606,0.8137636899662105,0.3526272039171724,0.1975562825275035,1,A
3.0243117959229244,1.0684715559890383,1.9129548077317522,-1.1851845805323176,0,B
1.576358792203098,0.23287802013716835,0.46617766219731077,-2.1864419787505676,0,A
-0.06542841509278605,0.23440089269869593,-0.3762121037834645,0.15008113034502407,0,C
-0.5337043967465,0.2703432392817259,-0.507105280428242,0.3239902562721444,0,C
1.9014144928297025,-0.8633452647393817,-0.41033997334510935,1.2092645684253776,0,C
0.7888660933893377,-0.14752868024035293,-0.25396267804778105,1.5713358160823676,0,B
-0.6995723071928783,-0.1525225324523588,-0.377806532758272,1.5699984849989468,1,B
-0.9000438840320645,0.3833938643534951,0.9163114410745667,-0.9980235932938778,1,C
0.20146173747674861,0.9998242469102946,-1.7332091032089831,-0.3522650349497693,0,A
0.10983138822239369,-1.0585360819784093,0.862000050412134,0.48033429588137955,1,A
0.4785350899134343,-0.12500903031957764,-0.3796865251425611,2.5319046777421774,1,B
3.36123864358646,1.4814555476589732,0.37694778569537224,1.480099203713916,1,B
-0.1731268473693679,-0.7435882288125641,-1.1269879102008638,1.1193971619983802,0,B
1.4042299721763083,-0.8222500172903203,1.328631066849436,-0.3877879555492906,0,A
-1.5119487335385164,0.20230619183119358,1.245634960171873,-0.8831996311551246,0,B
0.952372208768467,0.8443851904853201,0.9595905257500736,0.7889078833832395,0,A
0.023557653480470786,0.01142605556065933,-1.5147547757935393,-1.10066126423436,0,A
-0.676848628432832,1.3289605904369892,0.8291210710660528,-0.23843635098030264,1,A
0.6360786760035356,0.8567939825665268,0.4048550876357089,-0.11477794900192263,1,B
-1.4243941520891585,0.8418200668900618,-1.6052712471325676,1.592912089122808,0,C
0.5529976467932387,0.5541165013240933,-0.02429738377081549,-0.35469730295967755,0,B
3.809782798070213,2.327653100346085,0.3645344890332625,-2.4392496385726155,0,B
2.3928817607773616,-0.2051616888660442,0.5560752738231508,0.5044446476624683,0,C
-2.854788034882576,-2.003522292066514,0.17726136694885572,-0.6990218531039264,1,B
-0.17967430032323328,1.604254361517141,0.2912314168473797,0.042631024437746814,0,C
0.7300709555973109,-0.45769943095682564,1.4736113922530956,-0.08670470084212364,1,B
1.0693636341017343,0.10788044434303304,1.2260339099106798,-0.2737039958177683,1,B
0.33979647041950983,1.309550684860527,-2.8670549537827434,0.7903405817847039,1,A
-0.3287399019881956,-1.6022595410589253,-0.317438554837682,-1.5328648783527072,1,A
2.410595574605432,-1.2516472141061394,-0.16465102754395128,-0.5170142249543602,1,C
1.5142834937328695,-1.6012779371188537,-1.7520985727269711,0.6840379131173813,0,C
-0.7576477901847352,-0.7941362900254239,0.09418305823231217,-0.6140847753443682,0,C
0.87876876774121,0.43963660601699356,1.2487577724105066,-1.6088067092699718,1,C
0.8573704381294536,0.524187842812771,-1.0865678595905903,0.6685553432567358,0,A
0.7523694051827815,0.27627417932855375,0.3364009386898723,1.123094630441539,1,C
-0.7063641864964065,-1.4127658838923665,-0.9158234772964378,-0.04499520764300634,0,B
0.7493830258175498,-2.310103436632644,-0.6719120236796768,-1.9608455984695325,0,C
0.8011858362841392,0.054353585390382264,1.477393634170035,0.7059697466988162,0,A
-0.26503718773194257,-0.47177603363833576,-0.542557820111825,-1.659887881419688,1,A
-2.0475133695851544,0.45938577171661177,0.46221248901062467,0.3087992768481657,0,C
-1.170233406783237,0.7019536262212701,-1.871218116060987,-0.8874638247421598,0,C
-0.1894575879249496,0.13824143205868192,1.8623175613948801,-1.1598392857669653,0,B
-0.007887853803106415,0.7601330853758538,0.602652446306499,-0.4419100170796902,1,B
1.8447413321855675,0.22921137411506842,-0.18249984265026167,-0.18329755642725984,1,B
0.2829974686564032,0.5300647056014667,0.5755465099998948,-0.6442082503864482,0,C
-0.8601768431427315,-0.7046732628698824,-1.4098194289478103,0.5887032782151507,1,B
-0.4968305594830003,-0.17961141383145854,1.1825307417526572,-0.44606937845883377,0,B
0.8614660326368286,0.19677609665695725,-0.3239847754964302,0.980190871671822,1,B
1.8890311948908394,0.8205284754174188,-0.2040695150484347,0.28117316564347944,0,B
-1.547089258802877,-0.3937411722245721,-0.49165561496548443,-0.697557206596308,0,B
0.4710722114385813,0.5211672557321126,-0.5806514027455847,-0.8659398838322859,1,B
1.1298878184878969,-0.265838791915379,0.6946706116284086,-1.6474962990474387,1,C
-1.7423113548154334,-0.11754216732813036,0.25590685010422287,0.2907331778668224,0,C
-0.09772235044680025,0.829519042024073,0.6517481414030399,-0.3545875472513581,1,C
-2.848735291165484,-1.993060371054156,-0.008794689485571452,-2.3721955280635143,1,B
-1.5131324498679968,-1.296472328074761,0.513199811077181,-0.5357148727694001,0,B
0.18360271332100564,-1.4821853974428207,-0.41884874392503835,-0.901034029254952,1,C
2.5384877359884443,-2.3336161198483047,2.2297318414095484,1.5756775921706603,1,C
0.36660148894421196,-0.6782644401551767,-1.5679304164304986,-1.7027786118933097,0,B
0.840465852894048,0.7494338997277404,1.2609373235629844,-1.4413507997340538,1,B
1.0665192061228252,-0.28488406638257474,1.3679074507209708,1.1099696431056998,0,C
2.4780204982482648,0.19779008194185213,-0.8521588059655938,1.3567631574639631,1,B
-0.574838831306288,1.0892174967107926,2.2292736105559734,-0.7449829387256415,0,C
2.38521110893109,1.3276861322676916,0.9954902829453182,-0.6320858228089109,0,A
0.5938600597858898,-0.06913793472613955,0.9711390068229115,0.6162353965533128,1,B
3.063827401109964,1.3535858895693973,0.028022187025876687,-2.32709979694531,1,B
0.5904325381098376,0.09212665843410921,-0.21722615821867644,-1.8611936845055561,1,A
0.856838146214128,-0.8373982238274621,-0.20940882703960811,-0.28073340085071186,1,C
-0.2923337771835149,-0.5944003521987352,0.3905305963195172,1.549890566129126,0,B
-0.7349925287718946,-1.4805365125650163,1.4011862750338961,-0.4357300881667396,0,A
0.5944401005366359,-0.8881338537336524,0.1813142178614196,0.10093679173515462,0,C
1.029694570628854,-0.35801668807442916,-0.9114436231372903,1.133789272564012,0,C
0.2538011246851517,0.8035850193786016,0.8244270623849798,2.106884733278146,0,C
1.9871995385094996,1.7207698311659838,0.9211507463947922,-0.5768484731483126,1,B
0.8833387372983976,-1.38218151537704,0.6546595284477861,-0.016836723733426057,1,C
2.012647544895027,0.39282746825991893,0.7454989065249826,1.8220552213428425,0,B
-0.3051551720590602,-1.0405439391575344,-0.2709281301578081,-1.5221992751914284,0,B
-0.3479219232578193,0.47469708846320197,-0.9289891671305796,1.0275810705538218,1,A
-1.2769043088684744,-0.1310866506877266,-0.8681934306407798,-1.0183155323612583,0,B
0.8246673314741515,-1.8309058258475304,-1.635463248457858,0.10247236710315673,0,C
2.5712195294663176,0.9282969915684843,0.23694861154594976,-0.24261904740027426,0,B
0.26385256911473187,-0.605000712808731,-0.08344878322659362,-0.9580116007012293,0,B
-1.313518789883702,-0.5339002383735546,-0.43998770452970876,-0.9831019276582751,0,C
-2.0222063968632913,-1.06975241128969,-2.95561882434507,0.2764143642537545,1,B
-1.3019759129714932,-0.6542832766875555,-1.247317469694169,0.9955393281626821,0,A
0.0788472125205324,0.4278904406949172,1.1208406514031668,-0.1297362031885032,1,C
1.7636669982312612,-0.18924434093640552,-0.664626000063131,0.07011315873321637,1,C
-1.1145193333689958,0.32866200228248105,0.3605916776568414,0.5711740662910472,1,C
-2.411355603839781,0.3619218539288437,-1.3906854299752562,-0.9716187730129598,0,C
-0.909334834807332,1.320661655528167,1.4387054823592311,0.739692508412923,0,C
0.579363999403729,-0.3427861508643793,-0.1440276600546764,0.819343097059747,0,C
-0.3960513991944056,-1.4768578168457318,0.2900403964835352,2.60362629875041,0,B
1.380128259285717,1.067222416571983,2.325779791881685,-0.3761041905595823,0,A
1.424364083767232,-0.3314881720972547,1.5164401005894037,-0.4580818016681276,1,B
-2.2585583285939856,1.114592444577377,-0.3065656212870578,0.7689658715737455,0,C
1.5959061411809745,0.3833771131824704,-0.5932201848703592,0.8191041689121383,0,B
-0.451207489075821,-0.13113753020334493,-0.3255450115195318,-0.535087153376712,0,C
1.158464017175707,0.3487758940462951,0.5098982484765356,-0.40316267693004887,1,A
1.1493473167440718,1.9510125601262995,-0.10522413425087113,0.5411308382180404,1,B
2.255545187320225,2.076980529053753,-0.39524414500347166,-0.8275842407346614,1,B
0.9206375968447799,0.0693811351327787,1.4671812507090423,-0.4105339880150149,1,B
1.4374638014338765,0.1601905933170753,-0.11420989177783689,0.08959276736843465,1,A
-0.1233181104922021,1.0762401574663856,2.2995890930373193,0.9959386848222581,1,A
0.35988611080832156,-0.8456610327673472,0.09074256375217302,-0.6045986161795408,0,C
-0.3017392554007785,0.3330703726182551,1.7853183942247275,-1.842384462030672,1,B
0.471613523131664,-0.0258628479538564,0.3573194227106268,-1.916597467518211,1,A
0.9083945585269999,0.3139082114575536,0.9629605732494478,-1.2594130667061334,0,A
0.1404476968684365,-0.8333688059494058,-0.7246110515177244,-1.3131677181999373,1,B
-1.2989496208012703,-1.589567493308969,-0.8537592225874118,-0.15461075861990903,0,A
2.1138539594694117,-2.0729834359912918,0.4597059550149875,-1.188880153597605,1,C
2.0756086247472108,-1.1173841129896078,0.9885532424653152,-0.7027549598212041,0,C
-1.6735897817335377,-0.458675284939333,0.040256502000462865,-0.7740858849820498,1,A
0.06581460209010481,-0.2931915866487618,-1.2863933350836971,-0.4405078608479934,1,B
1.3961039589267874,1.9372311624295169,-1.360258366289327,1.3225043315231224,0,A
0.6621149177408217,1.1059933699072981,-1.4271364021862412,0.6619475894305167,0,B
-1.2567887701809082,-0.9620911163416273,-1.767622112939381,0.016129415276003874,0,C
1.2660754055236745,0.34770845245095694,0.10948535944708751,-0.4610262805808381,0,B
-0.4951030641947909,-0.4070782363503251,1.1250439217080253,-0.4332326566230212,1,C
-0.20213602800998362,-0.28436383804009513,-0.013415786924808768,0.3277464699519495,0,A
-0.3975564559773064,0.18532564941538202,-2.2604147573378524,0.5841690733522902,0,B
1.1578746410564473,0.6191711169753933,-0.19076046033454871,-0.9076175061006004,0,B
-0.7913594396518853,-0.33925848388401536,-0.1627989966326071,0.03648075561423148,1,B
-0.994033743860008,1.0638515327343585,2.0959987502254394,-2.031619568663027,0,C
-0.3884646061213578,-1.141938226142404,-1.4571379129195563,0.21171378417059702,1,A
1.0384475140505935,0.006339062362268442,-0.3906776025991957,0.762149241958686,0,C
1.4443552161424253,2.5976737265958323,1.7058526805445642,-0.2800686268808754,0,C
-0.5137945812589864,0.2230797426252751,0.44997834134654807,1.8165269961401054,1,B
1.8846242076210853,1.4332145066061728,0.5633130735164247,-0.8812384474360504,0,B
-0.6579994160759471,0.09152017817320818,0.11458443702387822,0.21744041530326128,1,B
1.2848624840696699,0.5807770953297967,0.32994353865726456,-0.035824746665955476,0,A
-0.4469296245180081,-0.056783194392691534,0.777609530278536,-0.10029766744340833,1,C
-0.877806886731728,-0.17040758116420443,-0.8094863188927663,-0.11432216800474763,1,B
0.3353089189730679,-0.7794823967254196,0.8780585789081998,0.10710503000947168,1,C
0.1548233997605829,0.4303013589575532,-1.3730030168855392,0.8479587434636998,0,B
0.010564327858772982,-0.8515371891857679,0.3283679728315381,1.3777362362747443,1,B
0.45408101553686564,0.6655852363134291,0.17874096328632716,-0.0022502445041573905,1,C
1.166223446684412,1.08528700444591,-0.6162930881921079,0.8153160721716332,0,B
-1.6603156979102467,0.36653140723722993,-0.022685275325646737,-0.7017669462667825,0,C
0.8583405749890624,-0.28624873355569186,-0.6225401526655531,0.765955452726233,1,A
-0.7538501561412974,0.4539655793086961,-1.0717013268617444,-0.7619915238269903,0,C
1.6781188825214381,-0.3086730555464126,-0.35361474161364437,1.0906599360881322,1,C
-0.8145807573453618,0.9355471254651493,-1.1039886353716615,2.2106408773932396,1,C
-3.544398958353934,-1.8314060842151236,0.3227974640932481,-0.12208388797139179,0,B
-0.3997566650309429,-0.3356073681186462,-1.1500854941523635,-2.1925434908074086,1,C
-0.5399619861037819,-1.9908119951239978,0.7119770229910514,-0.548072933244823,1,B
0.800403858208868,-1.495060830227205,-1.18147906792882,1.2318751342893033,0,C
0.4002157525020634,1.3638622298139094,-0.5662949155810063,0.5530767870252449,1,A
-0.023241840218126364,0.895184981971686,-0.624603408215179,0.24891359867502955,0,B
1.5656158999209724,-0.7194802332847904,1.3251467288748389,1.008668355954839,0,B
-2.236378724995104,-1.502503456040897,0.33028994561659186,0.484453439248422,1,B
-3.806351082527147,-2.964528837841651,-0.21173380254439425,1.2177251874511363,0,B
1.425282517700654,-0.5434955079326346,0.4987194410697233,0.9194236766469855,1,C
-1.4577137998640837,2.4204150122474024,-2.107192347329688,1.5217004527369589,0,A
1.1159676695384946,0.4348842714636474,-0.043133589640907445,0.35879608390625434,0,C
1.2366275620427285,-0.5595722860494895,1.9975141778047627,0.9052594014939547,0,A
0.8949695043646013,0.46508020950030626,0.13234650640267256,-0.3071270730857854,1,C
1.488677976885875,-1.5609583529944429,0.0679131691693355,-0.6014608115590059,1,C
0.2676128255526844,-0.29732336269763543,0.5481283796421961,1.7067676404189733,1,B
-0.5509649384044508,0.09947747301573849,0.8956052433143455,0.21620467632268803,1,C
-0.28528901000891843,-0.08610065182104851,-1.9974666928898597,0.804880565862379,1,C
-1.6005893142527052,0.7908061216900806,-1.6823264817910268,0.12374001441139017,1,C
1.0610493160778922,0.34464522623605237,0.21029129108614655,-0.5865156509199643,1,B
1.5796720604141257,0.668326018107997,-0.7148765618975097,0.010982892582401323,1,B
2.7518011545331045,-0.6883722822307594,1.3120252622199142,1.4359940177677142,1,C
0.9076079609663452,0.8978154084105481,-0.3151743898852239,0.555240074279424,1,A
-0.8125469698768368,1.6289369476239914,-1.9345307357131178,-1.711473159730459,0,C
-1.787762275215126,-0.9701495196514126,-1.268013916843997,-0.2152444565761547,0,B
-0.2528733574991449,-0.8876956557145598,-2.7496760196305754,1.782293792704712,1,C
0.7614101581580063,1.3357843363202329,-0.23412553728291255,-0.21379686184995605,0,A
-0.860487045251578,-0.19134398669506028,-0.18838412726438336,-1.8004786917341806,0,A
0.06854605694431842,1.403821392066557,-0.42446270978189776,1.8930488854225436,1,C
-0.3797821197178489,-0.4425357118921839,1.0788790390297387,0.6823925098127926,0,C
-1.2635970914192085,1.4550455762707113,1.1985198365166936,-0.0700128588128004,0,C
0.444266318392317,0.13148581680545218,-0.1703884233561112,-0.37141773608206863,0,C
0.7468040667763512,0.2582288233226952,-2.134693667476856,1.0823519297917354,0,B
-0.1894529683632702,1.5647180216699044,0.6172815804922585,-0.5419834002261925,1,A
1.2083425207289396,-0.36177047744417123,0.5553602285085755,1.1482564245159883,1,A
-1.1167134503607943,-0.9411220959249583,0.309391570156945,0.542195285724256,1,B
0.47531622368170834,-0.44856420802835434,0.9814797493081158,0.24468192548734993,1,A
1.1204319725978849,0.4523339506431387,-1.16482809646104,0.14551480533559535,1,C
0.9053925208815004,-1.5657590721805144,2.008755386185139,-0.17496803671417813,0,A
1.158412956916822,0.6374709026511215,-0.959427753141868,1.0456401202092658,1,A
1.798857274911533,-0.5387713176177432,0.7492229272008546,-0.8653428321018342,0,A
-1.190124876519776,1.1478126607335635,-1.6873476944133516,-1.6219251268302093,0,A
-1.6103444480652076,-2.3942603049004716,-0.9302646872700508,0.6144401228924746,1,A
-0.7561863632121459,-0.7865657751041687,1.5163686467253361,0.6312383280671477,1,B
-2.091837736162029,-1.686468151234102,-0.2608998230008499,0.4802411525117667,0,B
-2.6798805718287944,-0.8262294663639526,0.8399226051327979,0.4077283696180388,1,B
-0.3242826463030177,0.24766590110894313,0.2369553887192461,-0.32054037833754784,0,C
-0.615710925812589,-0.1792266254497549,-0.10495815600017268,0.7874827043855253,0,B
0.9050879136838812,-0.25337756894801494,1.3638503249326897,-0.04555812675454088,0,B
0.008895660933367466,-0.1591848713800608,-0.23665882465190033,-0.4871135608151781,0,B
-0.8862798503034751,0.20338824061994343,-1.7807381075634705,-0.3118913122553999,1,A
-0.3562728886048596,-1.0085360419431078,-0.8032400919517051,2.020639698775832,0,B
0.4382005415756658,0.7068496408990508,0.5511917287016942,-1.7349760820454327,1,C
0.17899713040053378,0.6626659703854839,0.39550910636250813,0.49978810429579884,0,B
-0.9334524346809631,0.385037937656101,-1.5670582502354382,-1.6791104276237172,1,A
-1.6021258235586482,0.5565334427512632,-0.724342519408201,-0.10823333832297323,1,B
-1.250110876565126,0.2964180008086595,-0.5817213492022466,-0.4336274851541877,1,C
0.9694645350103527,2.0350733027310675,-0.365469594114225,-2.085028296679878,0,B
-0.10660397004545195,-0.0870941710525099,-1.3759135886015514,0.389037590433763,1,B
-0.8063600150668095,-0.30708321833457675,-0.6283711081194786,-0.3800380621921959,1,C
-1.9807567395323318,-0.7535275803573779,-0.7286104852595274,-2.099206342561244,0,B
-1.9614460231347934,-1.0322626705778368,0.7715332597619193,0.8395680907742521,0,B
0.32750999114580814,-1.2444717876010754,0.8091213109902438,1.435006177988935,0,A
0.4133571316483017,-0.8887973132309185,-0.145810458088816,1.490124342296572,0,A
0.39188488861493276,-0.07068038165207131,-0.3920397958707315,0.35895644065147114,0,C
0.4312746945799024,0.3342951284977145,0.1399243120391134,0.04605813857711549,0,B
-1.4641579401515294,0.051142058552161786,-0.8165751074555749,1.328156620895797,0,B
-1.2196153766477478,-0.765535277429713,-1.146832082167441,1.6823835853400984,1,B
-0.19260392521508557,0.9001845640199633,-0.9402212089257169,1.133568702875625,0,A
-1.1517531187084964,0.7394126723009475,-0.6348131639714567,-0.9415376022298011,0,C
-0.0316864435314656,-0.159648307422017,-1.163473799792271,0.2013448532149219,1,A
1.888520541280523,-0.652916144664712,0.16205955906287475,0.4395161442914286,0,C
1.272358233949046,0.5484279208297995,0.7297156737837084,-1.8096169689172292,0,B
-1.313383061918181,0.18797358748610446,-1.5870983007982418,0.4693606596207741,0,A
0.7061016760328072,-1.4481272594150476,0.02512871121603335,2.272991825979389,0,A
0.7362989902381962,-0.0679802559844049,-0.21993579526633558,0.6399361658007914,0,C
-0.33032150737985844,0.26203581207438104,0.3415086855368029,1.4734130814417563,0,A
0.6116588022837774,-0.8996947864877538,-0.012938768103588062,0.18291473012870507,0,A
-0.45602178114023845,0.189843392837443,-1.4535992799316308,-0.07321832398382148,1,C
-3.0627207354389676,-1.4548224852577891,-1.2623892988571654,0.3812713900809755,1,B
1.7706691777291352,1.3361861000121709,0.029423575584972723,-0.8158266479844326,0,B
0.7072260576091288,1.2479499850594318,1.0287809197455093,-0.9637751872343886,0,A
-0.512414261913373,-0.25251733430296475,-2.214187371043003,1.2663045571693656,0,C
0.6997696588822001,0.36345433783907316,0.34572657980157995,1.3723423428665182,1,A
-1.0333967301596017,-2.409921965799875,1.1896220052876432,-0.9911063155873504,1,A
-0.5141599244458477,-1.1563476602653329,-0.1530258762062131,0.9679988045538644,0,B
0.016084443132163145,-0.2937789201521298,0.5502024960264408,-0.08695997560602091,0,A
-1.1558564889925718,-1.0721330214268592,-0.7030690808978022,0.33980857449043056,0,B
0.8776947373220199,0.7143964826306588,-0.11936619927687682,0.4602186394350634,1,A
-0.5928006170695085,1.997296530747994,-1.6209135183081516,0.9943504681243184,1,A
-2.8753185654073086,-1.176614719429302,-2.344343308418874,0.08271820186318887,0,B
-0.9763506181456432,-0.8374634040851927,0.9427658012252752,1.410161995301936,1,C
0.4017608586180385,0.23544836830993032,-0.9849949277244419,0.30941283975992473,0,A
-0.49069667820400276,1.6111161484996208,-0.4555278450034305,0.6241842724695326,1,A
0.4111716718770967,-1.2223743125399031,-1.3864422532701932,-0.8332625915372465,1,C
0.2552110550018859,0.24903612230694197,-1.4099697030838758,2.158659010704834,0,C
2.6475952493995485,1.8212988508131087,-0.17383770009461635,0.4698249232049664,0,B
-1.5258183314615135,-1.6517591481792673,-0.7295771941356465,0.7129974253450992,1,A
-1.6825836085150052,-1.281069206845832,0.37797099799469847,-1.6081858112115415,0,B
1.764419559927555,-0.42360660646083825,0.4525384189795919,-0.822702023079101,1,A
1.9019697876088213,-0.520588412855411,0.32084964632460716,1.2378836879187305,0,A
2.260142971493014,0.8126012877536446,0.2386007909284437,0.2868911182926047,1,B
0.693893345135542,0.24165971982083806,1.5777682049318862,-1.913779734828926,0,B
-3.0701847993684206,-1.7749620596421283,-1.067593769044886,1.038289928983819,0,B
1.160336047850525,0.5154104029008109,-0.05493486620291775,-0.5437828043527234,0,B
0.29078744837768306,-0.5775388873556505,1.1326898205195888,1.411316985876712,0,A
2.3242150209888788,1.274447216941239,1.2645398093380364,-0.08783567860369966,0,B
-0.4546374442329226,-0.6275875364369197,-1.4217636493445729,0.20470668602052994,1,C
0.2874588119327578,-0.6366152831022357,-0.3123554416558699,1.1789545785916484,0,C
0.9873298665506549,0.5411316108045314,1.3581210958672605,-0.8974929708546623,0,B
1.0393515920574203,0.7629264823369366,0.5080791051990653,-0.9928468078339396,0,B
0.6474317490054196,0.4480993639362036,0.19526303147977275,-0.19649842039810733,0,A
-0.7347450278464944,-1.6855973173848082,-0.21768469343465674,0.8271727996212221,1,A
-1.74361740030935,0.5380344399282511,-0.38380092570774543,-1.3308772526134907,1,C
1.067351423346753,-1.034308051674399,0.2882190630903242,-1.6680345998890966,0,A
3.087089839683861,0.2352761115882635,-0.25237412498448336,0.8237209270437923,1,B
-1.0020564165633215,-1.4237344353990602,-0.04257862104444418,-0.6029783125670037,1,B
-0.9949610412167368,0.44632214754306365,0.07859870611503737,-0.3922260129202831,1,A
-1.5899583270711715,-0.8065989043073726,-0.6780715284934992,-1.8568104019401659,0,A
-0.8779375969415699,-1.2826346502605217,0.5321293738814383,-0.6789793143519821,0,B
1.856965478638482,0.7138201364823995,2.9142446484154196,-0.007567296631150636,0,C
-1.0441020809706738,0.2416445216767513,-1.7769866393260751,0.9303778576228922,1,B
-0.6067495783710218,-0.6139768013928971,0.3240125241899799,-0.7712301662346388,1,B
0.734703916611116,1.4511788490210642,-0.7601900886189056,1.6573761202324966,0,A
0.4161703559789728,-0.44065242156974244,0.57740257751925,-0.6845560241798007,0,B
-0.20661991052777562,0.03210767397093466,0.04655747332786092,-0.6830918015851747,1,A
-0.4819819562831642,0.2689134476786009,0.7618547740424635,1.5373575518978022,1,B
1.3259745299426264,-0.6196659341286136,1.1755065765087795,0.21146015236391716,0,C
1.8403672774392994,0.47113629339992935,0.19242111776818133,-0.5520247290115766,1,B
0.06596189439355674,-0.5334523471647244,1.1320522884141782,-0.15513313118059344,0,A
-0.15092605798662273,-0.4116383222162092,-2.3442978937886774,1.3530735775420593,0,A
0.9546778158138749,1.362642639803341,1.5904522979160232,1.4662028196256818,1,A
-1.7912574427759198,-1.040586052512433,0.3750621518923401,-0.816793179270256,1,B
2.7976820907196966,-2.41278033092949,1.0778433557451819,-0.042433810079108215,1,C
0.5228455883990873,1.6109369950118944,-1.2198757448415216,0.09015682766757308,0,A
2.848150360684665,2.549327952607003,-0.8307698816053357,-0.9862401105165975,0,B
1.0889634337137815,-0.40526926544933184,0.14593829414477413,-0.05568505264999431,0,B
-1.6399405412155277,-1.9368380406201853,-0.017037889337463016,0.005322860451700487,0,A
-0.33220898882786126,-0.31048397619594376,0.2830685880099896,1.1402094789367356,0,A
0.40992765795118946,-0.2862229498406692,1.0845151609299661,1.207425028311201,0,B
-1.368637437148381,-0.18992384102225704,-1.7652203153028492,-0.32920939835900803,0,B
-0.1922352180985527,-1.1133880419218483,0.9738190717173091,-0.21395314386081168,0,B
-0.34183675874371755,0.5795611424764774,0.008281909957927018,0.6642923020556356,0,C
-1.1829587432629993,0.5245073752860862,-0.20378186112454774,-0.5851884489270115,1,C
0.48936794512932824,-1.4944056198193065,-1.4711152343848903,0.5886401517374027,0,C
0.2040737079985605,0.6991967316948878,0.503048668376865,-0.08790648736921473,1,C
-0.7597724989336505,2.052684981945891,-2.414107851031037,-0.9693985777386207,1,C
0.5603115977245788,0.17196033243705985,0.6483940112387127,-0.9568367128796466,1,C
0.4715889609584115,-0.33732516206850605,-1.492105835472992,1.447058696031102,0,C
0.37604636916756795,-0.1420032144075213,0.053457912617474034,-0.1564214791432986,0,C
0.04646926280507499,0.6152567669685612,-0.11916883732792043,1.640354093898311,1,C
0.6472508796875276,-1.7306716055072182,1.1695381472938837,-0.5136362607149101,1,C
0.4743126144565401,0.16439070297730224,-0.17865516901389017,0.2912052011314934,0,B
-0.49234133403278313,-0.3904639494628101,-0.6941385611456656,2.3926767230182415,0,B
3.6089719769686486,1.8478250129560454,-0.506602695971203,-1.0573867446632792,1,B
1.4315705923221413,-0.17417273380495787,1.2728827687546636,-1.8978144998997766,0,C
3.1357226215947946,1.6678876111195198,0.5362969691808936,1.2865901312872332,1,B
0.6492864726484261,-1.1037406977820072,-0.3856299815231613,-0.8268091053930736,0,C
-0.45666383319317405,0.5872591668027922,-0.23644641996451343,-0.020706364106233777,0,C
-1.7581606325087005,0.3194002637912288,-1.567177090585447,-0.5859182104515849,1,C
-0.3067115812348748,-0.8690472478647824,0.388474200851541,0.2681627809553161,0,A
-0.45534997765900165,0.17739611463694044,-1.7598157076954657,-0.9505362071857422,1,C
-0.1872520217971624,1.2125188368316004,0.7517964658354561,-0.1799400878833061,0,C
0.7599817622178131,-0.3237917042866007,0.12862159249126584,0.4498153265565342,0,C
2.531735285079891,-1.6919626491697632,2.3869517995739225,-1.008308886274262,1,C
-1.1815306528645273,-0.01756282647744591,-1.1001355537243058,-0.7000840296458889,0,B
-1.7760162055126716,-0.9024230947925126,-0.10266209104063294,-0.3473828335985318,0,B
1.8518776215756572,-0.3423409386638824,1.7982877009230627,-1.4288154342262782,1,A
1.334680169563384,-0.08158776968512098,1.1913896402914144,-0.4225609827987464,1,C
-0.8375709144313659,-1.7056522160155172,-0.6962120515798997,0.11879653990290184,1,A
0.6878984409024509,-1.615658339320678,0.22396742837344774,-0.39954894158842846,0,C
-0.39742285609947997,0.48206683552552526,0.001999356415087233,-0.27137649293172456,0,C
-0.21281001746833533,-0.5227186961696804,0.2819558673941572,-0.019901670906585355,1,B
-0.6374930335894686,-2.564744341820567,-0.6986804359848298,-0.655743462432314,0,A
2.8818623494454267,0.7848440366081351,-0.08932040270073452,0.6910625658668772,0,A
0.1113515959028736,0.27236975527423984,-1.5980523752767137,1.4359781248017758,1,C
-0.17500319889354676,-0.713874824036484,0.13512345186808206,-0.46438039219544847,0,B
-1.849479921185524,-1.3168302110582415,0.45002067342183205,0.4851982314777071,0,A
-1.0189531958160982,0.8358078963143372,-0.227419412643884,-0.23961715543464693,0,C
0.9222023913169987,0.3493506225604296,-1.6150508905847878,0.3654873450385047,0,A
0.07072971511066861,2.3826022826840734,0.9885318628514624,1.5657795312032543,1,C
-3.465817706265945,0.42018859872493736,0.3645250379928023,0.5086595430180988,1,B
0.21784670762257197,0.3877031412620148,-0.7260150977009768,-1.7734145388096807,0,A
1.874705007834172,-0.16692793010856513,-0.28060044683806395,0.4539956314469589,0,A
-1.051082204371673,0.816775867200791,-1.5006694027818388,1.2328637433090093,1,B
1.8550391246854896,0.6250852012481537,-1.0254101277779044,-0.2215961699981027,0,B
-3.360034577592101,1.251725008565195,-0.5378113463571395,0.9956348061178324,0,C
0.8450468700060563,-0.5213229186372847,1.2284208122801512,-0.690115541151946,1,B
-0.7265556954212962,-0.4354074729439623,-0.6395033908874757,-1.4855391595222738,1,B
-2.273404264953055,-0.4791031709119801,0.6402136593287587,0.14116901883264016,0,A
0.4205881385857465,0.7908017211789892,-0.5383162028615798,-1.7564767207463141,1,A
0.42808259468053644,1.498374440296732,0.24794756085187486,-0.23977101289359176,0,C
0.691184657762743,-0.45884049314930064,-0.14139550214380217,1.286842262645503,1,A
0.9271788998347256,-0.42477372779309125,0.8730566000927434,-1.9097629057462808,1,C
-0.23253392673062945,0.3140772238697992,-0.5348113382185579,-1.2794967959138979,1,B
-2.3632831292579404,-0.24576150001290142,-1.572528250002441,-1.0320322451615775,1,A
0.8002314369277495,0.95205365313989,-1.3819490313636327,-0.06331985971095996,1,A
0.8415141269485127,-2.2517772906190467,-0.5318774939427574,-0.36571678564620924,0,A
1.448042662821708,-0.8267050469168946,-1.2490599706780527,1.3991363816960873,0,C
-2.2846005264367317,-0.7824163339614458,0.4102120156795513,0.9543483290916974,1,B
-3.857961881079397,-2.320356012386145,-0.4657681648580778,0.49527294606859795,1,B
-1.1644620027263186,-0.9636384443688041,2.3746065500264315,0.14563031434388482,0,B
-2.7923156018548365,-0.9151561158459262,-1.737714595137132,0.3932297769848273,1,B
0.28343572936571965,-0.20110465451883033,0.20363317870980122,-0.861982355313375,1,C
-0.3300109769899872,1.1129658916602636,-1.127953023505669,0.8572103535566122,0,C
-2.070249252538784,-0.24506065119070236,-0.4934013403826786,-1.112044254359201,0,B
1.5020365601937145,-1.0308137202711538,0.14141947334054417,0.8353769939022309,0,C
0.16919830258825874,-0.056954541213528984,-2.325371374874287,1.186142502118831,0,C
0.7191526141958068,1.0491736214413494,0.23682611678802748,0.2108646020880872,0,B
0.8510870489633235,-0.9759588161149049,1.9029074622741677,-0.17621305896197587,0,C
-2.2789431486781093,-0.9105748839214486,-0.45343829836859284,0.4003099083096733,0,A
-1.1058979529026676,0.5585489592742234,0.2598078568055095,-2.861518370100673,0,C
0.7360811836304381,-0.22153611573080054,1.0249216931253993,0.30225821848546125,1,C
0.2911361528649715,0.6474846907094743,-0.16395350002699655,-0.11335399783980703,0,A
0.4512866287469791,-0.013646791795296761,-0.5809601885314832,-0.05062811305699102,1,C
-0.39800449935117144,0.701663648089567,-2.2757364037217522,0.7065325128978275,1,C
-0.14752369997231635,-1.0350781140406409,0.6409907193949733,-0.07476892156472781,1,A
0.2609099324383218,-0.01208465078826744,-0.11316840972889723,-1.140206856651158,1,B
1.0252913109103021,-0.21069001436315682,-1.0126838513881617,-0.14140267082537805,1,C
0.563937498641894,-1.2158909241041307,0.12659671027769356,0.06755548408082447,0,C
-0.053565818254581565,-1.5634779478686884,-0.5836803568061814,0.11493391158101274,1,A
0.4420089102603656,0.6857490352746618,-0.5284261311155256,0.16191936728506806,0,B
-0.39304538110302406,-0.3509523822179781,0.6062911561087082,1.0393690449185533,1,B
-0.4025260515805774,-1.0222802816473295,-1.3383824113238445,-1.0860345530341475,0,A
-0.3116880977307732,-0.09617893692333225,1.0473152860737585,0.17570045616484992,0,B
0.5632326489851085,1.1280188573493026,-1.3976861631184037,1.289929698618241,0,A
-0.9516987039955496,-2.280737845371923,-0.6627014083552638,-1.7346114969371953,1,A
-1.3374240410378184,-1.4966386899033264,1.9229461940665773,0.17964668078005355,0,B
-1.1221871901333371,-0.9228864418952676,1.1273547616424222,-0.5853785019730434,0,B
1.054314881830686,1.461178866720329,0.09760399249544019,-0.37071038447310495,0,B
-2.2502152288419115,0.2825869829192965,-0.9405302155012165,-0.904807503214422,0,C
1.284252224518985,0.7673172404612268,-0.5292723066998932,-0.16955071570044408,1,B
0.5297322668015412,-1.1401609191262305,0.0732753145856964,1.8412556144269043,1,A
0.2721803873337726,-1.1195358752705262,0.03752323233959842,-1.2644303611772136,0,A
-0.6582960666735361,0.4478137167227104,-0.09087092962596285,-1.1696100024788274,0,A
1.6898487212477025,0.05827433093544655,-0.03083251408418433,-1.3019345701635046,0,B
0.0660568222236908,0.5487388188641266,-0.2143751097051141,1.727418286628101,0,A
-1.2064725012694928,-0.18767099092845213,-1.4419787356400129,-0.46233970552128695,1,A
-0.8203228366240614,0.278143726454627,-0.5165107421608328,-0.025639060347674214,1,A
-1.3661607818592363,0.15811908490510918,0.9146240539868465,-0.4027829411062397,0,B
2.038787155440592,0.7777673890849254,-1.3683342975511175,-0.9444228784030915,1,B
0.8636664670117559,0.8070082819444706,-0.18955551153927852,-0.2351506466144354,0,C
1.9064037025967018,-1.6198719943917699,-0.819753928770844,2.45824360573656,1,C
-2.8062649056364366,-2.2472685553408556,0.11135042939811132,1.392070920974255,1,B
2.074613782976072,1.0017453976515072,-0.38863318106681816,-0.8529378177922723,1,A
1.7775113611712123,1.1877250932619365,1.477393664974669,0.6475741030616857,1,B
-0.33954234535685274,-1.0206230195133374,0.5065831541902538,-0.8315227726663764,1,A
-1.3573743442665234,-1.8598354065456286,-1.3118031657772113,-1.7763676388462208,0,B
1.1731194746058287,0.09903482100720092,0.6712280116136986,1.0195109176646295,0,B
3.224648200190267,0.9308382263505294,-0.774651856262063,1.1600928466435507,0,B
1.0741121558456337,1.7975945224343146,-0.5769963713775336,1.0460522510478993,1,A
0.4210691859210933,0.516297572101451,0.3138190201071218,-0.46986524921957273,1,B
-0.35682590788638596,-0.37171669658569495,-0.49174741973013475,-0.16677573400198623,1,C
-0.7326210107696842,-0.8931306215848627,0.8928558163229553,0.7497655536581233,1,C
-0.42005316295288175,0.011451291670654416,-0.7745100615133954,0.3914960373481072,0,B
0.8009907045167808,-0.2992647038852564,-0.6189465525913632,-0.3936374712970443,1,B
0.02358816884935877,-1.0150679057288161,-0.6563708935481088,-1.6190718201181646,1,A
-1.1509864045493468,2.0487556508632867,-0.5656387483550389,0.11387519414201226,0,C
1.5143101929745817,1.785168402072131,1.099191555547813,1.0790096392361133,0,B
0.5168088533556252,1.1360486835554284,0.6287962936103031,-1.1975882890341571,0,A
0.6406133301441495,-0.9208503978091276,1.709943954012071,0.638759381675977,0,B
0.99981119451786,0.8550193242972788,2.2676442038992546,0.33154169513369264,1,C
0.9611387631478161,0.6396264094979018,-1.0307170319323398,0.7501482632323336,1,B
0.13536337148524036,0.44254562420405297,0.07041912732728889,0.8719754997190072,1,B
1.750060464482067,1.2496652670437771,-1.176200316643433,-0.694465241925353,0,B
-2.7396702199542453,0.6353711428612774,-0.7776059277482671,-1.616959400164946,1,B
1.1511327105866374,0.7400142363043355,-0.6300825102556694,-0.5335195256828793,1,B
2.622072867220181,0.6369062833722101,-1.0571548741382744,0.8891273175270074,0,A
-1.3074698011042487,0.3407914080021059,-1.0518872728984137,-0.542003903525971,1,B
-2.3854356757145725,-1.7836111297141835,-0.14428437852025486,-0.6940433238576419,0,B
-0.712110260802409,0.08362107741055723,-1.216718418386407,-1.8213503419246384,0,A
0.4186807640194632,-0.5561919588491252,0.8421269591376328,1.752647554550939,0,C
0.542238622326781,-1.2798409576400205,-0.9177535374175142,0.8257136414253099,0,A
3.5692991828700777,1.681816619300824,2.809568970096392,0.7698959812747644,1,B
2.1123249895881693,1.7289953408857035,-0.45138445096439517,0.9677253867794737,0,B
2.429362186378249,1.359220600295612,0.07201764191705222,0.5767083615434017,0,B
-0.1399826587625121,0.2552134168558746,-1.2953411844660352,-0.24432885517952907,0,B
2.9836266349610367,1.3506251209526567,1.7060917581276394,-0.16376410412220166,0,C
0.41494276364119914,0.012053180601825543,1.1195006808029162,-0.4275643645921248,0,B
0.7099063721446485,0.20279727689777938,0.29691587073611253,2.634740754415,0,C
-1.2065907227162649,-1.093471370461983,-1.3468025487795656,0.5559120312994426,1,C
-0.45391296090667266,0.39699130449884,0.21066687772462028,-0.46380044135143456,0,A
1.1721635013552143,0.0603859284244171,-1.121431046017255,0.4654967741662798,1,A
-2.5318413834070386,-1.3026521168344645,1.4623552634733608,-1.0108689178563175,0,B
-1.3792565445731366,-0.051197111816596905,0.8091947318531727,1.504506718589227,1,A
0.09103084332997832,-0.07972956385680847,0.09543903848773612,-0.6610690958071401,1,B
2.7173661783343785,1.79756116664464,-2.4363756632473224,0.5010854326224657,0,B
0.9441866224117939,0.8942133285134095,-0.9834159786590306,1.0659776297431345,0,B
0.2005910774220565,0.011445439091466015,0.6877611315998724,0.3847685442049928,1,A
-1.6001224867606472,0.248787309801083,1.2128836917231558,0.09446999181963821,0,C
1.0857990990356536,0.044212378104198057,1.1091698114921316,0.010802084856015158,1,B
0.27383998123096076,-0.20291398479554773,-1.5920130022414554,-0.056441096887107134,0,C
-2.1313346640592155,-1.0824271973882869,0.30155230681290407,-0.5766984889275022,0,A
1.4331332623205346,-0.15105187760692926,1.0155152164829295,-0.44948342976970423,1,B
0.5902834539518684,-0.7460982566525134,-1.6583355655822452,1.479590373650935,1,A
-0.26710983141711786,-1.2503155389231464,-0.007904515373236347,-0.10853663268515668,0,B
1.3208625534516123,0.5112218145475347,0.27384239830845625,-0.7857962693827731,1,B
0.5145614840183788,0.39126465993323495,-0.3007645848467349,-0.5162975968615086,1,C
-1.780231784284063,-1.786707511368078,-1.8521618554012016,1.100370680697223,0,B
0.7709311138673328,-0.12268463749512722,-0.3256981100737287,0.6756066331644784,0,B
-1.5061731467839974,0.9957013858999235,-0.327305430255024,0.5603291782322569,0,A
-0.4318392819818462,1.0592237388963208,-0.1480724045477542,-0.25752119890979147,0,B
0.5880436933910591,1.0258368428852387,-0.5634714254250696,0.5733624701729451,1,B
-0.3486315150435173,0.0389132069014598,-0.4430121532414673,-0.643561124950648,0,B
0.07078863394418577,-0.8450453279691511,-0.0397062823469779,-0.25961403134577454,0,A
0.5762692839906943,-1.0836988273580606,0.4424546049697111,0.9698044873917454,1,A
1.5540147898079513,0.3446049047503575,-0.3044267628566672,0.8742776789190644,1,A
0.8895786336972082,0.379280034365163,-0.4096489283680019,-0.9819098459508032,1,C
0.6502800353664012,1.2873311116050654,0.09235403825445808,-0.8555264529085758,1,B
0.014035657947223834,1.0999796503420836,-1.9209159258951816,0.10870215281340967,0,A
-0.04338020635441264,-0.1322286565311721,0.4770351272264581,1.7261323746695099,1,C
-0.9447907640425139,-1.2442058788608694,-0.0005630971229588082,-1.9155651644689942,0,A
0.038348758229876545,-0.31910659701089783,0.039693526597561826,0.27833293957050426,0,B
-3.5043160479132434,0.21723119481052466,0.960734307594464,-1.3760433315731482,0,C
2.049574804614803,-0.2020832453894041,-1.9528155300482481,-0.6343309935255456,1,C
0.4403198868657656,-0.5778941080776558,-1.9738338698589637,-0.3644284180642414,1,C
-0.3194904940368395,0.2528848149698989,0.27380384532351953,-0.4205083434368909,0,B
2.320454381465137,-0.5039577414106104,-0.007116855128515773,-0.5337959396592085,1,C
-0.23335650057095286,-0.628066083725374,0.17017694319193222,0.007207060376370152,1,A
-0.2688962672015114,0.31145283430343956,-0.46212707517244556,-0.5352555666305784,0,C
-0.12930489503187598,-0.4019925801292048,0.6643536742399312,-1.4624573848541527,1,C
1.9657052183560544,0.24410438897835213,0.93263884299112,0.7798696125227764,0,C
0.5227456221649907,0.2732040228521227,0.48398229395152703,0.7528721671488805,1,A
-0.10195827510480426,-1.1394290010915746,-0.26082845840458313,0.843174310022669,0,A
-0.2660367987636443,-0.4812411238654122,-2.107689387614403,-1.5407344962640819,0,B
2.4572485842971536,1.4377769399164624,0.7692362080371281,0.29891815258415083,0,B
-0.8309211581151252,-1.1620795127342871,1.2217286662175928,0.6759788558069234,0,B
2.4058453067500056,-2.116654448970531,0.64455841198398,-1.031202068439585,1,C
0.22839548228736328,-1.8618451532425115,-0.8796424273675065,0.009173248182129144,0,B
0.5283163790720117,0.029109946576669203,0.6737943936677578,-0.11626664531036575,0,B
1.0273581378106216,0.03091727803269891,0.8605297079614455,1.8421506585682637,1,B
1.2378879087337855,-0.11761085542512094,1.5588162477990857,1.924496037012573,1,A
1.3289821935756407,1.2141898289285016,-0.8761099242279576,-1.6643563933302008,1,A
-0.9701990391814473,-2.672834433102938,-0.22645458454413847,2.4939270057279894,0,A
-0.435148025814701,0.3959338744308236,0.7472720511434552,-0.9152257211533239,0,C
-2.1048043697314953,1.5614382018035733,0.05741007143815779,0.9806732943274258,0,C
-2.315525388463495,-1.127780764891714,-1.1173276020512748,0.9704979808637308,1,B
-0.7603403255272055,-0.3798065117898951,0.414616285026703,-0.9956902268418067,1,B
-0.361866054099536,-0.7528919172286209,0.5786616338151667,0.493267793839099,1,B
2.4711384688549716,-0.8943460460775288,0.08796289633100199,-0.10753374426606396,1,C
0.8758652865172057,-0.32626200502304,0.21958492717994416,0.5543300046323907,0,C
0.8766779918335675,1.4274852836845047,-0.25870590168573016,0.2306723023806257,1,B
-0.9639222453190085,1.8373866754875203,1.4782789357160593,1.196339485370247,0,C
0.7500877892019013,-0.3359392250401477,-0.9006921837126766,0.07539954314606226,0,B
3.0124055413857134,1.9050602140644701,-0.5873207627637789,-0.16787406942631122,0,B
0.23287017240158442,0.035576476984624864,0.010985513527525621,1.0960642330571804,0,C
2.116299065114345,1.753691026701081,0.8789540277008926,0.5803959648586033,1,B
0.7194550489216185,-0.09329864965349177,-1.4973731700945367,0.7318133943208879,0,B
-1.125169877455279,0.1310578260461443,-1.3102967497654392,-0.6645866722585968,1,B
0.223681209364531,0.36547447264283456,-2.037728507734718,-1.045262781398474,1,B
5.91566217712306,3.1788536793675353,0.03269522525327079,-0.5677221432527015,1,B
0.9321137922826446,0.8512855748447891,-1.1183058172065439,-0.6208213856805886,1,B
-1.5117256414830065,-0.7072645299514636,-0.3845501100179167,0.7861992686529143,0,B
1.094678330780618,0.9689978702758579,0.661378189891708,0.9759840502940518,0,A
-0.5125813246145108,-0.3618325370843415,-0.6415427207828466,-0.15513028953240038,0,C
-1.5772726343568646,-0.48975018290120914,0.23128202274336457,1.4309190188243524,0,B
0.6806278533535605,0.9086013598921112,-0.29933790775172203,1.3684693937651298,1,C
1.377474154690107,0.031085587771152785,0.6721143150964368,0.24339891640053923,0,A
-0.02631310021379135,0.2785759145118061,0.4751280673480088,-0.82189177154304,0,B
-0.2543567090097265,0.013985221865292462,-0.69193369617461,1.5753766494355401,0,B
-1.1926559506503644,0.3365831266054347,-0.16865175340045263,-0.06101735102840823,0,C
0.5659102273656215,0.4249658974361492,1.0437433977204944,0.1261651964309746,1,A
0.45620713938443225,-1.9369669327054153,0.393376870254097,-0.33960502560656863,0,C
-0.6248494338175475,0.6665726686095336,-1.3969620577511315,-0.8897903262971976,1,B
0.9649050008746318,-0.9820194198303006,0.6556180611713827,-1.4686394303152919,1,B
-1.0688457543852592,-1.4422991355594112,-1.0846106224362382,0.6328683235572881,1,B
0.8219454450807253,-0.05841124385868244,1.412513069961006,-0.7834010538966204,0,A
2.1449145703299988,0.08398100331445427,1.024098839841025,3.0595312289968235,1,B
0.4327352936411456,-0.6935061645722808,0.2898854759184008,-1.086073582612479,0,A
0.2967184486726411,0.8310318576679744,0.1572328434361934,-1.25738247498137,0,B
-0.9145219937220681,-1.342175166370907,-0.20903225602742,0.5101387156134412,1,B
0.04275127330299239,-0.40694374877255896,0.6785239514000281,1.5293134789672953,1,B
0.16468586484678566,-0.5848741349330007,-0.37077816946206166,0.06458965694322165,0,A
0.7628341500857854,-0.04658727033933937,0.23556987063989387,0.5722424201872743,1,A
-0.4061301490059369,0.2788642846472388,0.8719343665194511,-1.8435474174587096,0,A
-1.6857108800048928,-1.0078929496235447,-0.5618065435255897,-0.6775115456917667,1,A
0.793367034342637,0.7242826774562282,-0.6161927399906946,-1.073615729137567,1,B
-0.672687591513803,0.06300236833469973,-1.194365480724459,-1.895045849947881,1,A
-0.9903448980858773,-1.8919462533119105,-1.0644727461261723,0.11698023402388695,1,C
-0.8269997809849292,-1.958591440397031,-1.8283953114415024,-2.2428276216104335,1,A
1.1661557678511512,-0.012319292929311235,0.7298287890155296,-1.3221959660874487,1,A
3.324075737924275,-0.2209673177863541,1.8089145420827708,-0.537193794013418,1,C
0.08911797845782526,-0.1034201135746335,1.4253289434703056,-0.8312858359510763,1,A
-0.9780362448788489,-0.02798245653021798,-1.6260844886265164,0.3964085022070677,0,B
-0.6936285103469757,0.22555983951018072,0.7248546715562,0.30558019190248,1,C
0.3402087557270155,0.9476496098482997,1.4221063499235564,0.8937987459354568,0,C
1.0213043833380708,-1.1111049009175582,-0.456809980738664,0.7523837327126781,1,C
-0.9042910255896965,-1.1719715929007948,0.10144743065004946,1.1408127893613809,0,A
-1.980337720923173,-1.0933238578873825,-2.0078930508046704,-0.0019184000090541567,0,B
-1.7324097699173837,0.2889166671687069,0.2667361679766415,0.3034669008166697,1,C
0.0871378800634467,1.2449473786464456,-1.0635597294347174,0.5115137019191913,0,C
-0.8118592462923604,-0.4313394382395105,0.19963501791151453,0.1416566973910257,0,A
-3.084325918628678,-2.5016998441596545,-1.5612029221888803,-0.3971943099170739,1,B
-3.2047166096938673,-1.7039928626103755,0.5428582244775959,-0.3324425343397702,0,B
-0.688422493338363,-0.8330367227960116,1.0245126754266898,-0.8175583983299655,0,A
-1.0437235222948478,-0.5577288874952148,-0.7831798617151676,0.4216168299098296,0,B
-0.4936872443774095,-0.4083886272547264,-1.1369225814104345,-0.09401517408515554,0,A
-0.2572699120908268,0.038581122980917065,-2.156023042549981,-0.6631737506367649,0,B
1.1331781601520143,-0.3117463308224471,-0.26641353407517704,-0.6622448193245927,0,A
1.470426588526065,1.0493396105434072,-0.5815939342816051,-1.2103987277827886,0,B
0.48982179598485787,-0.6760173056813688,-1.5510194123480547,0.9788413412371997,0,A
0.6491835153200498,-0.862317959475543,0.45301875631217164,0.07861766953178756,0,B
0.6558194246047871,0.4788755385204616,-0.44997038186464916,-0.8628000195732701,1,A
0.8201026016708983,-1.5356420699261193,-1.0757359586452324,0.8085477496020183,1,C
0.8475579342000472,0.3896917053200022,-0.5545724056404471,-0.560448809794373,0,A
1.2259090243369883,0.10255318372626686,1.0713045389296156,-1.4065006270122327,0,B
1.2394586319609784,-0.1474424899181674,0.6029369437552222,1.021222289219133,1,A
-0.8745719812540937,1.5882761071492624,-0.13002606149848983,-0.5370969895661131,1,A
-0.9241706991853651,-0.6222074452947179,0.6191050184648526,-0.4088990902087895,0,A
0.0031977642805532946,2.0602981705240784,-1.160911956386739,0.04118002034917748,0,A
0.9502204607436016,-0.2254314492280993,0.03237010072703053,1.1425892227901149,0,A
-1.1278603512186072,-1.2770164449702281,0.14732233048647056,0.020037290866311695,1,B
1.083005794766207,0.0699195809948253,-0.4698365084987269,-1.1991171261452302,1,B
1.4817759702583122,-1.0762452003187681,0.43545833595741784,0.5438770041121802,1,A
0.041111054836675764,-0.7517558478135002,-0.7804334546444512,-0.48498972426172404,0,B
2.1728082011360557,0.39703330001549114,0.5098207077761179,1.8879239715294662,0,B
-0.7049855910038711,0.5555820886501248,0.5518587715312919,-0.0011197219978901704,0,A
-1.5239040346127612,-0.6221677002542582,-2.917159880697066,-2.235035497898666,0,B
0.11725720804267392,0.9874051450464006,1.1903057035101177,0.357364972155674,0,A
-1.5771842151066386,1.157507758021134,-3.047632565352754,1.9445977922602284,1,A
1.4228301502060243,1.436301756563291,-0.6160490255561253,1.5759202885453896,0,B
1.9838255300930299,0.5294134071257222,1.025348034257755,1.8309542887565653,1,C
-0.5201104005764109,1.3634287120856987,-0.31728672525244067,-1.0197601853814635,0,C
2.700783270047414,-1.8807984279740577,-1.466185982469542,0.9121523959767788,0,C
-0.3949870846855408,-0.31790654862846257,-1.0937370617166706,-0.7219945397367117,1,B
2.79063078047545,-0.8670052563234263,1.0269057463206197,0.2242893994169245,1,A
-0.5223721721553554,0.11922586112739209,-1.9215045305486382,-1.2729524287397325,0,B
0.31085170770677706,-0.5714492191967373,1.1289911009620173,-0.6444557648827163,1,A
-1.4810174096918258,-0.16615784194973238,-0.05510209904228934,-0.6762466973636153,0,A
1.4972076612497758,1.8821748802040494,-1.1923953304424335,0.8985552801426162,0,A
-0.7036076023597713,-0.1697197964203783,-0.5831150723026911,0.8007191216696554,0,B
-0.4416794469638199,0.4137923171902139,-1.0172243411016413,0.2768197293308208,0,B
1.4513330414317829,-0.2322693299242352,0.8662252008585286,-1.3504214180553855,1,A
1.2777664809564477,0.07571328795683367,0.7324278097628383,-0.31163943394972,0,C
0.7236980789389982,0.006016680436071459,-1.7191611338760466,-0.746116482942726,1,B
-0.28349565125846293,0.4483240659731595,-0.4035921185193341,0.869675756694491,1,C
0.27529766721905524,1.165307535547177,-0.8631856623442771,1.1781848528171845,0,A
2.351609107411799,1.6473939976033294,1.2935099684593703,1.056385586030883,0,B
0.31933058592381774,0.30962008190916684,-1.350099118126421,-0.7552194194170205,0,A
2.3854283500810007,0.5895468860356021,1.604229104685014,-2.739533122289479,1,B
-0.09049359903835524,-1.150864509185567,-0.033294739516937566,-1.7669618981300543,1,A
2.1342731363350875,-0.08787674241562057,-1.1619344063800876,1.4216269780822084,1,A
1.6480795863382611,0.940289464883589,-0.6772741840092779,-0.4012549393198239,0,B
-0.36563937847283,0.8659686384171532,-0.8016188407684506,-0.7507246182651125,0,A
1.088340864050085,0.21160973279505021,-1.274618402015506,1.642660293436234,1,A
1.544223345941575,0.8863939595679524,0.09482685973037566,1.2651599454883269,0,C
2.0320340752158845,0.49076670899381886,-1.2279155506918433,0.02444872191978665,1,A
1.794437747850083,1.2003062582593216,-2.1803662087381888,-0.2934030910639739,0,B
0.2036463424937445,0.2893591569571111,-0.3796764708481731,-0.13210121281312523,0,B
-0.5688270479751024,-0.35569831557103465,-1.8028561964178826,0.22716279838746606,1,A
1.0398560820313825,0.33584125693302364,-0.7521608680675204,1.600047281319608,0,B
0.8565588007816523,-2.9305943758527757,-0.9091028886033559,0.4224674242372267,1,A
0.12616723902201082,0.38288573638504947,-0.8712160720258142,0.7260290330391413,0,C
0.44415097659545627,-3.6484128252147836,2.0009631015901537,1.1692701090701714,1,A
-0.43265289795854556,-1.723463407405418,0.05641156716957076,-1.169676001024419,1,A
0.6436380795972785,0.45176860094098414,0.24537100899533215,0.7548618924740429,1,B
-0.7427324151123261,0.47752933726679525,-1.7763982963422946,-0.29456875466161137,1,C
0.26723239606986554,-1.1624287801399305,-0.6539631336369219,-2.516095195772766,1,C
1.9631078977645828,-0.7121020418789388,0.21530262994151197,-2.128169541985812,1,C
0.7568991127671044,1.370540988614132,-1.0245289129130064,-1.0181176115186856,0,B
-0.10115757004465124,-0.48403013157267616,0.9080628435179854,0.5312232285925814,0,B
1.5137856205345255,2.242920312402985,-1.2026965859010301,0.11379956534029644,1,B
0.6685544937369085,-0.001919853176346149,-0.2863661358651756,0.184366707175664,0,C
2.029892177832347,0.4080361768812668,-0.5860516399755586,1.950943482686692,0,B
3.4485379591478367,1.6168743984986076,0.16432065938191598,-1.2690896148598123,1,B
0.14986066011509944,0.13102711619341956,-0.640490071855426,-0.027433354183723595,0,B
-0.2986050790391639,-1.0023439806908012,-0.27089362707093734,0.3044355228138156,1,B
-0.15456220851938782,-0.10972745169429012,-0.23613009177798555,-0.7362731165383355,1,A
0.2741958916846204,-0.03561073619009093,-0.734387757391301,0.028326745082940964,0,B
-1.1117123711902428,-1.3647416522015654,0.48509386849711267,-1.599949334084345,1,B
0.5396781788281322,-0.25583207134082336,0.23838837483742528,1.4099062172750279,0,C
-0.5915647052020878,-0.7421920939974367,-0.0886139452531673,-0.6816145525304338,1,B
0.5168859377170449,0.9243577571874341,-0.4304583334619581,2.031400164778503,1,C
-0.02361102886927502,0.03461187418525562,0.796544030519997,-0.03247432391745505,0,B
0.033761522431333985,-0.28279574914757005,-0.23583424381418136,1.0280535653991831,0,C
1.5728376743387686,-0.10618193062257626,-0.3066972878259372,-0.05330286899115438,0,A
2.6242440021576314,0.22312201840616613,0.10469002988812601,-0.03074383226052982,0,C
-0.13370119062843222,0.6168141996897798,1.6965866829708507,-0.5840293332220078,0,B
-1.6876669495099788,-0.9997122286693814,-1.340356208021204,0.11912392936627762,1,A
-0.9750723107951155,-1.0415876326212719,0.7698568930553547,0.31799869441404743,0,A
-0.24668770057226352,1.10467921540253,-1.893171161238105,-0.7842585089151799,1,A
0.48238301590866367,-0.4123368722047306,0.21727315822862395,-0.1250444158598842,0,B
1.9001790634179054,-1.416842092596874,1.5750828276087308,-0.6100988660571137,1,C
0.556658153352076,0.44381270938310463,0.48866852446730713,2.2996640696148387,0,C
1.0718837031734685,0.4633698060326869,0.1706250785397928,-0.08973076991161853,0,B
-1.9849613499123575,-1.5307152572567064,-0.5604494688030756,1.5452321516965593,1,B
-0.021503190757623386,0.2294817154636063,0.03104720048855424,-0.19562233080768832,0,B
-0.16164741090400897,0.7355830924283736,-0.2520628154033563,0.25928764153490796,1,C
-2.2714753614334446,0.37438645170626306,-0.7859766079313554,-1.3213640716452693,0,C
-0.8980929626102113,0.6319814837613953,-0.28987561547486984,-0.44707259186786463,1,A
-0.06781022988650331,-1.404269098090749,0.19838116062643954,0.21053467078924676,1,C
1.4652880398123709,0.3310401549961956,-0.7672170685306403,1.5860038309598667,1,B
0.19917683763748867,-0.30261975947044656,-0.8062818206846841,0.22198277767627117,0,C
0.7211273203972131,-0.4827901587246448,-1.3602434375921744,1.3837203611929991,0,C
-2.029569464645075,0.8705556094197265,0.3907250260888961,0.6407291102029202,0,C
-0.550707086366279,1.47927451067423,0.5453232619670604,1.6274013394646858,0,A
2.6947121901268343,1.794370054600359,0.23166044423651747,-0.059042217305055426,0,B
-1.3666315902653188,1.314807871505905,0.9651704927286658,2.390222710651804,1,A
1.45877749895629,-0.10973418163018368,0.08786763708072752,-0.485396202914123,1,C
-1.5031901802446939,0.35272016302634307,0.3920109373657567,-0.766461834197669,1,A
1.5359907086411084,0.7668228717842437,0.30383742563756283,-1.2100528496890341,0,B
-0.510430670920542,0.12117794929946196,-0.09154001941820787,2.3310246715580702,0,C
1.3427759376297312,0.13076418791154437,-0.5308218281296473,0.8194475726178976,1,A
4.7117109970418065,0.823753131876182,2.214152615791911,-0.33412073338030845,0,B
